id,class,train_boxes,train_images,val_boxes,val_images,train_boxes_human,train_boxes_pseudo
0,person,368939,90873,46556,11081,259031,109908
1,child,19670,7039,2403,872,19490,180
2,cyclist,1980,1201,292,154,1980,0
3,motorcyclist,1980,1133,227,123,1980,0
4,wheelchair,1720,849,171,93,1676,44
5,stroller,2451,2238,120,106,2451,0
6,dog,8429,5979,1164,851,4701,3728
7,cat,5197,3969,691,516,4066,1131
8,bird,9733,3261,971,376,8156,1577
9,horse,7067,3129,1019,423,5841,1226
10,cow,11007,2351,1310,331,10036,971
11,sheep,9406,1769,1126,205,6862,2544
12,goat,2515,1059,311,122,2498,17
13,camel,1390,697,181,95,1318,72
14,car,252033,59396,29475,6835,146399,105634
15,bus,13514,8915,1594,1063,8883,4631
16,truck,24153,16897,2925,2012,12186,11967
17,van,3743,2276,477,261,3174,569
18,taxi,4941,1299,657,176,4914,27
19,ambulance,524,326,40,26,524,0
20,motorcycle,16763,8522,2003,1030,10438,6325
21,bicycle,18199,8879,2053,1022,12271,5928
22,e-scooter,3818,2680,337,218,3818,0
23,skateboard,3742,2163,440,266,3450,292
24,train,4437,3176,552,410,3552,885
25,golf cart,606,301,80,43,582,24
26,shopping cart,2595,1523,359,195,2472,123
27,trailer,216,195,33,32,216,0
28,traffic light,44208,12980,5624,1634,31096,13112
29,pedestrian signal,6907,4214,920,580,6907,0
30,crosswalk button,182,172,30,28,182,0
31,stop sign,1495,1304,174,144,983,512
32,traffic sign,127769,38793,15660,4759,127033,736
33,crosswalk,15777,8715,1975,1088,15777,0
34,street light,40813,15987,4942,2028,37673,3140
35,utility pole,25989,7630,3313,981,25989,0
36,pole,84065,15907,10298,2015,84065,0
37,yield sign,866,758,105,90,866,0
38,do not enter sign,416,367,45,40,416,0
39,one way sign,801,653,89,71,801,0
40,pedestrian crossing sign,1677,1327,204,160,1677,0
41,speed limit sign,2264,1916,280,228,2264,0
42,construction sign,298,267,50,39,298,0
43,sidewalk closed sign,171,168,14,13,171,0
44,bus stop sign,126,117,12,12,126,0
45,exit sign,1201,766,137,91,1201,0
46,wet floor sign,1014,990,69,68,1014,0
47,fire hydrant,2180,2061,315,281,1504,676
48,parking meter,1187,814,150,98,798,389
49,bench,11793,6389,1501,800,8368,3425
50,trash can,6209,3711,827,499,6016,193
51,bike rack,941,471,130,64,941,0
52,mailbox,425,345,62,56,425,0
53,utility box,3127,2499,371,287,3127,0
54,billboard,29988,10243,4030,1310,29785,203
55,fountain,2258,1422,291,164,2182,76
56,potted plant,32154,8557,3685,1050,24051,8103
57,barrel,2493,655,279,77,2118,375
58,traffic cone,2884,1183,362,156,2884,0
59,bollard,10345,3232,799,225,10345,0
60,sidewalk sign,2818,1533,108,58,2818,0
61,kiosk,136,117,4,3,136,0
62,barrier,5936,2828,681,307,5936,0
63,fence,23209,11086,2914,1386,23209,0
64,ladder,1162,706,159,91,1132,30
65,tent,3565,1448,517,206,3437,128
66,sculpture,4056,1663,609,212,4005,51
67,pillar,152,96,3,3,152,0
68,curb,56366,14993,7086,1860,56366,0
69,curb ramp,15354,7831,1904,972,15354,0
70,stairs,3408,2196,486,325,2670,738
71,escalator,536,343,40,23,536,0
72,ramp,2046,1428,306,186,2046,0
73,pothole,9171,3324,790,284,9171,0
74,manhole,9165,4724,1227,635,9165,0
75,storm drain,4829,3113,552,373,4829,0
76,sidewalk crack,1386,538,21,18,1386,0
77,speed bump,1765,1681,99,96,1765,0
78,rail track,891,628,116,84,891,0
79,tactile paving,356,324,36,31,356,0
80,open hole,1132,958,149,133,1132,0
81,swimming pool,2206,1573,264,189,2141,65
82,door,5775,2976,808,366,4995,780
83,door handle,975,544,106,72,905,70
84,window,51595,7047,7056,923,47321,4274
85,building,74895,37601,9164,4647,66234,8661
86,elevator,2871,2266,63,45,2871,0
87,atm,376,293,70,51,376,0
88,tree,83695,35190,9820,4138,47316,36379
89,palm tree,9966,2197,989,257,8977,989
90,plant,20611,4506,3129,585,20125,486
91,backpack,6630,4572,837,566,3923,2707
92,handbag,9901,6613,1275,867,5756,4145
93,suitcase,5852,2485,837,341,4754,1098
94,umbrella,10365,3946,1433,531,6957,3408
95,bottle,24996,9371,3264,1137,14384,10612
96,cup,23795,10937,3032,1305,13492,10303
97,box,4292,1616,526,189,3954,338
98,plastic bag,1055,475,120,62,1011,44
99,tire,24355,6155,2956,766,18862,5493
100,ball,6040,3158,750,403,5211,829
101,cell phone,6349,4467,718,527,4436,1913
102,glasses,8776,3797,1139,499,8298,478
103,book,43178,6251,6538,778,36668,6510
104,can,3176,1221,383,144,2885,291
105,toy,9320,1856,1337,240,8988,332
106,chair,72978,18391,9373,2258,49143,23835
107,couch,7052,4799,838,576,5012,2040
108,bed,6456,4359,870,570,5220,1236
109,table,30533,16034,3944,2003,24941,5592
110,desk,6682,3462,825,419,6440,242
111,coffee table,4697,2326,598,255,4502,195
112,nightstand,2588,1274,328,144,2476,112
113,chest of drawers,3213,1629,439,228,3149,64
114,wardrobe,304,226,40,32,304,0
115,toilet,3630,2243,474,289,2779,851
116,sink,6381,3402,817,432,5020,1361
117,tv,9184,6530,1113,787,4013,5171
118,laptop,9398,5137,1131,647,5729,3669
119,refrigerator,2894,2120,304,242,1878,1016
120,microwave,2440,1339,257,143,1934,506
121,oven,3721,2113,449,247,2719,1002
122,stove,1210,494,140,61,1168,42
123,washing machine,775,339,94,36,696,79
124,bathtub,805,536,104,65,761,44
125,shower,307,184,50,30,307,0
126,shelf,18481,2719,2075,348,18457,24
127,bookcase,4747,1840,666,242,4639,108
128,stool,1455,590,218,66,1428,27
129,mirror,1885,1105,234,136,1839,46
130,curtain,4912,1965,654,249,4520,392
131,cabinet,16830,2661,2059,356,16633,197
132,countertop,5496,1870,689,265,5377,119
133,lamp,3735,1438,440,186,3684,51
134,ceiling fan,632,481,89,61,585,47
135,pillow,5919,1531,750,182,5575,344
136,clock,4860,3611,582,443,3040,1820
137,keyboard,5349,3199,701,396,4082,1267
138,mouse,2672,2087,348,262,1557,1115
139,remote,2724,1637,362,210,1983,741
140,scissors,1078,724,116,87,822,256
141,knife,4832,3026,576,368,3159,1673
142,fork,5069,2650,563,312,4023,1046
143,spoon,6046,3252,660,385,4205,1841
144,bowl,14472,6427,1553,768,9294,5178
145,plate,5243,1458,596,174,5203,40
146,kettle,721,449,129,59,710,11
147,toothbrush,1168,564,144,69,826,342
148,towel,337,124,76,27,337,0
149,banana,5585,1591,680,189,4368,1217
150,apple,7393,1778,1037,245,5508,1885
151,orange,10252,1682,1366,206,7937,2315
