split,label_file,line,old_class,new_class,iou,cx,cy,w,h
train,mtsd__train__-1ZXiNNunp0TA-puToNbeQ.txt,2,32,31,1.0,0.702515,0.462891,0.046631,0.080566
train,mtsd__train__-4gtcRinmMXt0PgT-ROzMg.txt,1,32,31,1.0,0.798950,0.504883,0.016357,0.020996
train,mtsd__train__-53oGBqSn4kQqgrDwnWPvw.txt,1,32,31,0.9999,0.337280,0.434692,0.023193,0.025146
train,mtsd__train__-_EpR6BuSfdj4nO5EIPZnA.txt,3,32,31,0.9999,0.512695,0.368896,0.022461,0.040527
train,mtsd__train__-BFA9HVpWeUoZDREdSQ7Eg.txt,2,32,31,1.0,0.094971,0.602051,0.024902,0.032227
train,mtsd__train__-fHQB3_g3Wx1lkxiCkkq9Q.txt,1,32,31,0.9999,0.719238,0.592285,0.013184,0.023438
train,mtsd__train__-HxiZJdhRazJDPQ_KpyEdQ.txt,1,32,31,0.9999,0.376709,0.692383,0.014648,0.020020
train,mtsd__train__02UePdmHbb0MQXqDIwQerQ.txt,2,32,31,1.0,0.989868,0.704590,0.019775,0.033203
train,mtsd__train__0cVJawkgsdw4TL4quvLzpQ.txt,1,32,31,0.9999,0.945190,0.511963,0.018311,0.057129
train,mtsd__train__0ekPiSHDFM7Un4cxda5zYg.txt,1,32,31,1.0,0.518311,0.339722,0.028320,0.045654
train,mtsd__train__0ekPiSHDFM7Un4cxda5zYg.txt,2,32,31,1.0,0.216431,0.331787,0.032959,0.051270
train,mtsd__train__0IW3P8R5iVHLa4OBnDJitQ.txt,1,32,31,1.0,0.511597,0.377686,0.026611,0.037598
train,mtsd__train__0XHSHwUUKCKvEsGhZ9pZpg.txt,2,32,31,1.0,0.815308,0.348633,0.078857,0.105469
train,mtsd__train__0xvxvMkDwUHHULiwIAOj6g.txt,1,32,31,1.0,0.684326,0.494507,0.028809,0.027588
train,mtsd__train__1cKrcAkFJFt98rd3jLY3ew.txt,1,32,31,1.0,0.257568,0.622192,0.019531,0.061768
train,mtsd__train__1Go1BgPzTMVnsPakME20kQ.txt,2,32,31,1.0,0.969360,0.540283,0.037354,0.065918
train,mtsd__train__1j3CPmAeIgDXyRYq70cG0Q.txt,1,32,31,1.0,0.624390,0.572021,0.035889,0.046875
train,mtsd__train__2F347mUCp7cpMquLeeszGw.txt,5,32,31,1.0,0.828369,0.489746,0.026367,0.036621
train,mtsd__train__2iO4RbVePx56ggtdAH35lA.txt,8,32,31,0.9999,0.990479,0.313232,0.018555,0.092285
train,mtsd__train__2JEmjIXDlGydTI8dcgIRmA.txt,7,32,31,0.9999,0.346436,0.445557,0.025391,0.031738
train,mtsd__train__2QeTw9sbg5pbu5uANO3zbA.txt,1,32,31,0.9999,0.981445,0.669312,0.012695,0.017822
train,mtsd__train__2VTDnY9RFmDPOUbhPAjd-Q.txt,1,32,31,0.9999,0.636475,0.504517,0.015137,0.028564
train,mtsd__train__2YLMcBjOVEh8UHNGQrOdjg.txt,1,32,31,1.0,0.690918,0.314209,0.017090,0.022949
train,mtsd__train__3-ECAy6DRllEzGycpPqzXw.txt,1,32,31,0.9999,0.372192,0.549561,0.016357,0.033203
train,mtsd__train__3_8rnXk9KnloiAExBR326g.txt,2,32,31,1.0,0.856689,0.535889,0.060547,0.100586
train,mtsd__train__3IgDxpZltEd-WKPPZgmspA.txt,3,32,31,0.9999,0.643311,0.361572,0.022949,0.031738
train,mtsd__train__3nyBuAxmwYh2Hth0uejsdA.txt,1,32,31,1.0,0.444580,0.495483,0.013672,0.025146
train,mtsd__train__3QSHgrsoQh-9mN78zl1GCg.txt,1,32,31,1.0,0.726196,0.285522,0.073486,0.097412
train,mtsd__train__3syXRsVTxpQKJ3bnGvTJyg.txt,1,32,31,0.9999,0.219727,0.517822,0.016602,0.020996
train,mtsd__train__3syXRsVTxpQKJ3bnGvTJyg.txt,2,32,31,0.9999,0.534302,0.541138,0.014404,0.020752
train,mtsd__train__3zRQYFsrMn1uks-2cgIHnA.txt,1,32,31,0.9999,0.660522,0.605347,0.012939,0.015381
train,mtsd__train__4_J4utc-sxPLxCnMRvvWyg.txt,1,32,31,0.9999,0.919556,0.475098,0.016846,0.017090
train,mtsd__train__4EYqyfwL6Zq7qT8-ovUblQ.txt,1,32,31,1.0,0.668701,0.545410,0.049805,0.087891
train,mtsd__train__4L-WWNTauMP8rgv7GXCacw.txt,1,32,31,0.9999,0.263550,0.605713,0.013916,0.018066
train,mtsd__train__4l3pJv4EbNevpRufnKSoVA.txt,1,32,31,1.0,0.696045,0.381714,0.022949,0.029541
train,mtsd__train__4NcHFi9qBp6BZIEUFAm-HQ.txt,2,32,31,1.0,0.301025,0.149048,0.035645,0.052002
train,mtsd__train__4RHEZe7OsgwaCWTs5OIrzA.txt,1,32,31,1.0,0.225586,0.265991,0.014160,0.022217
train,mtsd__train__4RHEZe7OsgwaCWTs5OIrzA.txt,2,32,31,0.9999,0.500977,0.252075,0.017578,0.025635
train,mtsd__train__4wzRVZIO8BqNp9Gt8WTNoA.txt,6,32,31,1.0,0.909668,0.606201,0.053223,0.062012
train,mtsd__train__4zFpY3xOPLYdk49Eev-T9A.txt,2,32,31,1.0,0.899780,0.512329,0.078369,0.102783
train,mtsd__train__5gak-Nw7quDIPHVGURBV_A.txt,2,32,31,1.0,0.380615,0.363892,0.039551,0.046143
train,mtsd__train__5hi8Ja6NU-PxzGZB00CLUA.txt,1,32,31,1.0,0.809937,0.530518,0.037842,0.062500
train,mtsd__train__5it414gQDeC3Nk7veqF_dw.txt,1,32,31,1.0,0.636719,0.577759,0.023438,0.030518
train,mtsd__train__5jRPa0ZaV2pg_vDZOTjKrA.txt,3,32,31,1.0,0.854858,0.425049,0.054443,0.065918
train,mtsd__train__5KkTmAJqEQPrDzG9QGeqHQ.txt,5,32,31,0.9999,0.550903,0.471802,0.016357,0.023682
train,mtsd__train__5rMeQNVsev9VbSwy0MuXvA.txt,1,32,31,1.0,0.634033,0.753540,0.019043,0.026123
train,mtsd__train__65GphQDc2Iy3xnh1mJPv6A.txt,1,32,31,1.0,0.716675,0.556030,0.031982,0.041260
train,mtsd__train__6FDUMoOTcgtU3OHrtb8OMA.txt,1,32,31,1.0,0.739990,0.310425,0.061035,0.100830
train,mtsd__train__6fXafPk7oJU0A5Y06xTG-Q.txt,2,32,31,0.9999,0.900269,0.387573,0.016357,0.028076
train,mtsd__train__6iJb8EY_5isE8XCjta-BrA.txt,1,32,31,1.0,0.961304,0.417358,0.021729,0.067139
train,mtsd__train__6VblRQtLNzHEfi55d_FKJw.txt,1,32,31,1.0,0.930542,0.404053,0.018311,0.027344
train,mtsd__train__6VMZxFUtxmsx9VWWmv_9cw.txt,2,32,31,1.0,0.833008,0.188843,0.126465,0.156494
train,mtsd__train__6xpVHx8zzJZtZy63ozt_Vw.txt,2,32,31,1.0,0.635864,0.388916,0.033936,0.046387
train,mtsd__train__6yxPKoSb6kedq2UU_A7eiA.txt,4,32,31,1.0,0.910034,0.753418,0.029541,0.039062
train,mtsd__train__7-0lPcFU-oa_EtwzPLDL2g.txt,2,32,31,1.0,0.418213,0.630249,0.012695,0.015381
train,mtsd__train__77a20K-Kk88DKYfezIIivQ.txt,1,32,31,1.0,0.658081,0.347656,0.036865,0.060059
train,mtsd__train__77a20K-Kk88DKYfezIIivQ.txt,3,32,31,1.0,0.321533,0.402588,0.019531,0.031250
train,mtsd__train__79eAfexYgB3AhZB6T97qng.txt,1,32,31,1.0,0.799683,0.664795,0.057373,0.070801
train,mtsd__train__7_exkg0rzcYT04p6tbgJaA.txt,2,32,31,1.0,0.672241,0.558228,0.025146,0.031006
train,mtsd__train__7IMBf11l450Xs1LQJLLiRg.txt,1,32,31,0.9999,0.617432,0.426392,0.015137,0.023193
train,mtsd__train__7txNXzFLVVxnKfIUKhrPDA.txt,1,32,31,0.9999,0.605835,0.462891,0.016357,0.022949
train,mtsd__train__7zfQodDA9o8qDZqhu1_H2w.txt,1,32,31,1.0,0.344849,0.647217,0.029053,0.053223
train,mtsd__train__8Nc3aqCaHMFglx9ea1zIcQ.txt,5,32,31,1.0,0.736694,0.677490,0.048096,0.088379
train,mtsd__train__97l1Je5yqGUA4f6CW6sisg.txt,1,32,31,0.9999,0.061768,0.492065,0.016602,0.039795
train,mtsd__train__9f1wKz9VA-q38U3BMJL_qA.txt,2,32,31,1.0,0.328491,0.282104,0.076416,0.171631
train,mtsd__train__9K8vVV74w_L7TT54F_paqQ.txt,2,32,31,0.9999,0.613525,0.486206,0.014160,0.025635
train,mtsd__train__9KUQ8437QuLbjGiOPOgCpQ.txt,2,32,31,0.9999,0.936523,0.568237,0.018066,0.021729
train,mtsd__train__9w_9tcmRXPOW5DuT-HEirw.txt,2,32,31,1.0,0.717163,0.205322,0.015869,0.022461
train,mtsd__train__9X3fPCV_eifVPAnfCTA4Rg.txt,1,32,31,1.0,0.796875,0.411865,0.067383,0.084473
train,mtsd__train___5krvZxQmSL6ItzNBqpqSQ.txt,4,32,31,1.0,0.737549,0.667236,0.019531,0.026367
train,mtsd__train___5ve74JwpdWc638jBpa44w.txt,1,32,31,1.0,0.761963,0.263306,0.025879,0.068115
train,mtsd__train___B2OmckK3TCzLV7dtl5_FQ.txt,1,32,31,1.0,0.640625,0.493774,0.031738,0.041748
train,mtsd__train___B2OmckK3TCzLV7dtl5_FQ.txt,2,32,31,1.0,0.111084,0.534424,0.031738,0.041504
train,mtsd__train___CkxBP6-SGo-ZYsPhVUa8w.txt,1,32,31,0.9999,0.695557,0.589111,0.014160,0.023926
train,mtsd__train__a-pxvxDqKhRI_cO8AZYOFA.txt,2,32,31,1.0,0.179199,0.699097,0.035156,0.048096
train,mtsd__train__A3NkynUxpgJ32Y78BaG1Dg.txt,1,32,31,1.0,0.960205,0.444336,0.073242,0.087402
train,mtsd__train__a5oanNj2D65bi-eTxbZR3A.txt,1,32,31,1.0,0.159302,0.387573,0.019775,0.026611
train,mtsd__train__a5oanNj2D65bi-eTxbZR3A.txt,3,32,31,0.9999,0.448486,0.371094,0.012695,0.019043
train,mtsd__train__a6eLQxz4pmmH9fDWfGvilQ.txt,1,32,31,1.0,0.949585,0.512207,0.047607,0.058105
train,mtsd__train__ACEtzbpZtdfryRcIW_2IgQ.txt,1,32,31,0.9999,0.615234,0.521973,0.020996,0.028809
train,mtsd__train__ACEtzbpZtdfryRcIW_2IgQ.txt,2,32,31,0.9999,0.226074,0.540771,0.022461,0.029785
train,mtsd__train__AFLbkFkavKosO8ZZboURuA.txt,1,32,31,1.0,0.027344,0.671997,0.021484,0.030518
train,mtsd__train__agG34kZRRYbAmFJsyHhmzg.txt,1,32,31,1.0,0.765869,0.396362,0.041504,0.063721
train,mtsd__train__ahzzTZwwgTm_Ko7fHMP6JQ.txt,2,32,31,1.0,0.270996,0.662354,0.037109,0.063965
train,mtsd__train__ALArITKQp_UjvSYt_a7MEw.txt,2,32,31,0.9999,0.573730,0.400146,0.013184,0.030273
train,mtsd__train__AM94lfuWoNXplbndbsaGkQ.txt,2,32,31,1.0,0.763550,0.588135,0.021729,0.063477
train,mtsd__train__AnQHbK3uKLE74VyFagxnrQ.txt,2,32,31,1.0,0.375610,0.356079,0.022217,0.145752
train,mtsd__train__ao9L4B9KbTNBqq_auC2I4w.txt,1,32,31,0.9999,0.278809,0.566772,0.020508,0.025146
train,mtsd__train__ao9L4B9KbTNBqq_auC2I4w.txt,2,32,31,0.9999,0.546143,0.608521,0.021484,0.029541
train,mtsd__train__Aq2kA3p-tCW438HcTo3RNA.txt,2,32,31,0.9999,0.422607,0.462891,0.019043,0.025391
train,mtsd__train__Aq2kA3p-tCW438HcTo3RNA.txt,3,32,31,1.0,0.649292,0.444946,0.019287,0.025635
train,mtsd__train__Au95Ni3H4nwfi8NKDvXryQ.txt,2,32,31,1.0,0.673096,0.403931,0.023438,0.030518
train,mtsd__train__AvE-XEowvgasy0kkS44P3g.txt,1,32,31,0.9999,0.047729,0.353882,0.013428,0.030029
train,mtsd__train__avR-axijzuUDHSKdHIOTEg.txt,2,32,31,0.9999,0.304321,0.536621,0.013428,0.017578
train,mtsd__train__AVZjuukVKv95D29vS18xRQ.txt,1,32,31,0.9999,0.177246,0.615601,0.018066,0.023682
train,mtsd__train__AxA7EJmAcr4x4KtgUHrx1A.txt,2,32,31,1.0,0.637695,0.767456,0.058105,0.043701
train,mtsd__train__AY-ledOM2WmoaXb0E0a0uw.txt,3,32,31,1.0,0.569824,0.590698,0.021484,0.030029
train,mtsd__train__aY-rARE-m1gsDnzW_eR9Ug.txt,1,32,31,1.0,0.749512,0.609497,0.016602,0.022217
train,mtsd__train__B5Cu103DUiXzhjCZiy1WIw.txt,1,32,31,0.9999,0.990601,0.502930,0.018311,0.028809
train,mtsd__train__B5Cu103DUiXzhjCZiy1WIw.txt,2,32,31,1.0,0.889404,0.380615,0.088379,0.117676
train,mtsd__train__BctevbEk0MeV650Hs6kzIA.txt,2,32,31,1.0,0.696167,0.564819,0.049072,0.062744
train,mtsd__train__bDSbc2G7qMC11QXO-BreLg.txt,1,32,31,0.9999,0.536377,0.700684,0.013672,0.018555
train,mtsd__train__BkYZGfLQKdrmOEQfwvI38g.txt,1,32,31,1.0,0.495117,0.371582,0.016113,0.021973
train,mtsd__train__BlHwD3LBBBRWngaJZc3KDg.txt,1,32,31,1.0,0.390625,0.408203,0.013672,0.017578
train,mtsd__train__BQ96qi7GZHH46BbvSnLCJQ.txt,4,32,31,0.9999,0.160889,0.676147,0.013672,0.021729
train,mtsd__train__BQ96qi7GZHH46BbvSnLCJQ.txt,6,32,31,0.9999,0.313232,0.694092,0.012695,0.021973
train,mtsd__train__bsdnK6Qg8oaIrEyM2unELw.txt,5,32,31,1.0,0.739624,0.442261,0.030029,0.041260
train,mtsd__train__BtwYmoiL8tDZjwO4BkGyZg.txt,4,32,31,1.0,0.458862,0.808472,0.031006,0.042236
train,mtsd__train__C4NPn-LH_Jg7z-6lsvLZlw.txt,1,32,31,0.9999,0.556396,0.840332,0.017578,0.025391
train,mtsd__train__C4NPn-LH_Jg7z-6lsvLZlw.txt,2,32,31,0.9999,0.387207,0.825439,0.016113,0.020508
train,mtsd__train__C4NPn-LH_Jg7z-6lsvLZlw.txt,3,32,31,1.0,0.220703,0.809204,0.015137,0.020264
train,mtsd__train__C4NPn-LH_Jg7z-6lsvLZlw.txt,4,32,31,0.9999,0.065186,0.786499,0.012695,0.019775
train,mtsd__train__C7KVB9PyzLLcdfiuLxwSBg.txt,1,32,31,0.9999,0.541992,0.562866,0.012695,0.016846
train,mtsd__train__cbujqjO61pt7Qaer86AXeA.txt,1,32,31,0.9999,0.580688,0.598633,0.014893,0.020508
train,mtsd__train__cDA95o1CjAFT-hvy7sAf2Q.txt,1,32,31,1.0,0.735840,0.285889,0.023438,0.042480
train,mtsd__train__cDA95o1CjAFT-hvy7sAf2Q.txt,3,32,31,1.0,0.893433,0.236816,0.052002,0.127441
train,mtsd__train__CDxi3N5-3smb0ghN0QKArg.txt,1,32,31,1.0,0.738892,0.630493,0.036377,0.073975
train,mtsd__train__cGjcet3PoCsWieg-eeg9Iw.txt,3,32,31,1.0,0.545166,0.577637,0.015137,0.021973
train,mtsd__train__ChCDA-G1zS81nqbjFcTx8g.txt,2,32,31,1.0,0.670044,0.648560,0.019775,0.036865
train,mtsd__train__ciCyfo0q58YGp5BcNWxNPQ.txt,2,32,31,0.9999,0.543213,0.558105,0.015625,0.021484
train,mtsd__train__CkKRSsv_ShbLL01o0RRsUw.txt,1,32,31,1.0,0.569946,0.439209,0.019775,0.026367
train,mtsd__train__cKteiwqaegnI6EEaIiQZ5A.txt,1,32,31,0.9999,0.554932,0.481934,0.020996,0.026855
train,mtsd__train__CPBAbez4Ss3gi_8_3xBd0w.txt,2,32,31,1.0,0.939209,0.461182,0.020996,0.029785
train,mtsd__train__CqkkjCbNnWbuJkibzguBSw.txt,1,32,31,1.0,0.299072,0.354004,0.017090,0.021973
train,mtsd__train__D2Pmlrxn6bG5dTQERSdqoA.txt,1,32,31,1.0,0.722290,0.650391,0.035889,0.059570
train,mtsd__train__D9Yspc5xY-XQr4qSM8OH4g.txt,1,32,31,0.9999,0.249146,0.455933,0.016846,0.022705
train,mtsd__train__DDkCZRlvV8S8pVzgjjl_fA.txt,3,32,31,1.0,0.533569,0.664673,0.025635,0.035400
train,mtsd__train__DDkCZRlvV8S8pVzgjjl_fA.txt,5,32,31,1.0,0.303467,0.635132,0.032715,0.042236
train,mtsd__train__DIO5OLtm1NDUQsJ7EhtYFg.txt,1,32,31,1.0,0.749512,0.306030,0.016602,0.051514
train,mtsd__train__dNOvXyJEIgMldScSH399hw.txt,1,32,31,1.0,0.344360,0.577393,0.036865,0.050293
train,mtsd__train__dNOvXyJEIgMldScSH399hw.txt,2,32,31,1.0,0.058472,0.580322,0.022217,0.033203
train,mtsd__train__droF2QuY-xpXD3H75NIYmw.txt,1,32,31,1.0,0.812378,0.579834,0.035889,0.088379
train,mtsd__train__DtUr5l72kMmYIKNH5O0RSA.txt,1,32,31,1.0,0.698486,0.368530,0.029297,0.035889
train,mtsd__train__DUJFd1bee3ioUOwzv2DHcA.txt,2,32,31,1.0,0.661011,0.627930,0.029541,0.037598
train,mtsd__train__e3MIgTmNkDfaEWBwa-slqQ.txt,1,32,31,0.9999,0.747437,0.456787,0.013428,0.022461
train,mtsd__train__E4fL6MGZ0DpD1jLRJEkQLA.txt,1,32,31,1.0,0.655884,0.324463,0.028076,0.053711
train,mtsd__train__e_EAaO5o82ecmnjghvlTNA.txt,4,32,31,1.0,0.765259,0.448120,0.095459,0.120361
train,mtsd__train__EBDTRfYUMZyZTa0_9GpX3g.txt,2,32,31,0.9999,0.610596,0.486816,0.020508,0.027832
train,mtsd__train__eBfE6h8h0vpRVMsszpOlWA.txt,2,32,31,0.9999,0.611572,0.514771,0.020996,0.036865
train,mtsd__train__eCvNSY4uJ1slFPAElcOJ9Q.txt,1,32,31,0.9999,0.628540,0.502563,0.014404,0.025635
train,mtsd__train__eDLXGB6vYtAyV71JIv6JdQ.txt,1,32,31,1.0,0.658325,0.388428,0.043213,0.060059
train,mtsd__train__EhlBom_HsRu_c-wRKle9DA.txt,2,32,31,1.0,0.534912,0.671143,0.020508,0.035645
train,mtsd__train__en2WilBUUoGAzeJPiQzVJQ.txt,1,32,31,1.0,0.449707,0.454712,0.041504,0.073975
train,mtsd__train__eNgVV-Wiqe-MgGTz71qwug.txt,2,32,31,0.9999,0.369995,0.526978,0.021729,0.030029
train,mtsd__train__EQHmOl703YtPPtTaZz4KbA.txt,5,32,31,1.0,0.975586,0.068970,0.039062,0.129150
train,mtsd__train__eT7wvvFqzOrf1_XXeWLTfw.txt,1,32,31,1.0,0.524414,0.577881,0.030762,0.041992
train,mtsd__train__eTHvBByju6-A5Iy9AT5ulQ.txt,1,32,31,1.0,0.713257,0.484131,0.021729,0.027344
train,mtsd__train__eu1P-8weB9ghKdNrq-sprg.txt,2,32,31,1.0,0.253906,0.526611,0.027832,0.037109
train,mtsd__train__eu1P-8weB9ghKdNrq-sprg.txt,6,32,31,1.0,0.974854,0.161865,0.049805,0.206543
train,mtsd__train__f1oV-Chx2sB6tOlSTfNWiQ.txt,1,32,31,1.0,0.806641,0.383179,0.028320,0.036377
train,mtsd__train__f_hpF4o0x_wKuPUsA4-ZZQ.txt,1,32,31,1.0,0.745239,0.424561,0.021729,0.038086
train,mtsd__train__fEchOW8burapMgtnwvmC_w.txt,2,32,31,1.0,0.409546,0.518921,0.044678,0.052979
train,mtsd__train__FHaWbMnXp9FeYhENhTfhfA.txt,1,32,31,0.9999,0.303223,0.607666,0.013184,0.017578
train,mtsd__train__FIGt-WcySxxev140lDKb0w.txt,2,32,31,1.0,0.353882,0.427734,0.043701,0.056641
train,mtsd__train__FiV0OqUCrM8maueJbEBzNA.txt,2,32,31,0.9999,0.738525,0.576904,0.018555,0.024902
train,mtsd__train__Fj0h9-PxJKeoYJu8Tw37yA.txt,5,32,31,1.0,0.310425,0.566895,0.025635,0.035645
train,mtsd__train__FQPo2J2n0FEHJvqXdMJ4Qg.txt,1,32,31,1.0,0.666382,0.456909,0.061279,0.079346
train,mtsd__train__FQPo2J2n0FEHJvqXdMJ4Qg.txt,2,32,31,1.0,0.288574,0.454102,0.056641,0.081055
train,mtsd__train__FrkxW2RDRs15D0tUt8EYdg.txt,1,32,31,1.0,0.674316,0.517700,0.028320,0.049561
train,mtsd__train__fteIbnJfH7Pp0UVmCnyQcQ.txt,1,32,31,0.9999,0.574951,0.475098,0.014160,0.024414
train,mtsd__train__Fwg0pC24pqYuuer1kLAdBw.txt,15,32,31,1.0,0.920044,0.452637,0.015869,0.016602
train,mtsd__train__Fwg0pC24pqYuuer1kLAdBw.txt,18,32,31,0.9999,0.841064,0.457520,0.013184,0.017090
train,mtsd__train__fXOyfdDjzMqpggHrI0bFcA.txt,1,32,31,1.0,0.057007,0.545288,0.014404,0.018799
train,mtsd__train__fxTOYhBmvwuoeFRs2qIf1g.txt,1,32,31,0.9999,0.864868,0.391479,0.014893,0.031982
train,mtsd__train__fY6PpB042XhtY7W4Wgh-Bg.txt,3,32,31,1.0,0.508545,0.567749,0.027344,0.036865
train,mtsd__train__FYrDz1YtY1PvyWOd7ui2KA.txt,3,32,31,1.0,0.522949,0.802002,0.021484,0.032227
train,mtsd__train__FZMj5rmPDSYkZHDFqnBjJw.txt,2,32,31,1.0,0.430298,0.456421,0.012939,0.017822
train,mtsd__train__G-n5ns0c4frqkD_wOQ69NA.txt,1,32,31,1.0,0.493408,0.574097,0.026367,0.034424
train,mtsd__train__G1YCASdJSqcGhfzbAssm4A.txt,4,32,31,1.0,0.889404,0.401245,0.040527,0.050049
train,mtsd__train__G1YCASdJSqcGhfzbAssm4A.txt,5,32,31,1.0,0.056030,0.314819,0.112061,0.177002
train,mtsd__train__g44BIvVDd6a5lzypPNuO2A.txt,1,32,31,0.9999,0.903564,0.562134,0.013184,0.068604
train,mtsd__train__g9ITNYtcPxgyINyuAT99ww.txt,2,32,31,1.0,0.552368,0.499512,0.019775,0.025391
train,mtsd__train__g9OeybM54JD8VW1KPi9bmA.txt,1,32,31,1.0,0.636719,0.593750,0.017578,0.023438
train,mtsd__train__Ganrbhvqn34EwK7nHXuzMA.txt,2,32,31,0.9999,0.361816,0.437134,0.013184,0.016846
train,mtsd__train__GEUibTX3-ZPOBgiHDopkow.txt,1,32,31,1.0,0.355835,0.364502,0.026611,0.046875
train,mtsd__train__GG6iIdaGQjzTyRbvFlqRaw.txt,1,32,31,1.0,0.717407,0.539917,0.039795,0.055420
train,mtsd__train__Gkz9UqsWDzwrHtVppyBQrg.txt,1,32,31,0.9999,0.134521,0.428101,0.032715,0.039795
train,mtsd__train__Gkz9UqsWDzwrHtVppyBQrg.txt,2,32,31,1.0,0.886841,0.419067,0.031494,0.044189
train,mtsd__train__GoNiN5dSMZZo3L3pgqhCow.txt,2,32,31,1.0,0.432251,0.282837,0.028076,0.044189
train,mtsd__train__gwPGdp8HBoYFTTXvf-lKGg.txt,2,32,31,1.0,0.671875,0.598267,0.018066,0.029541
train,mtsd__train__gz-TEJbQA1R11S4Zm6So0Q.txt,2,32,31,1.0,0.859009,0.700195,0.020264,0.024902
train,mtsd__train__h-K0gKSaMtwZAoL0vJ0v3g.txt,2,32,31,0.9999,0.596558,0.528076,0.019287,0.021973
train,mtsd__train__H2SH457hEroM_AzoRVKqbA.txt,1,32,31,0.9999,0.874390,0.632568,0.015869,0.037598
train,mtsd__train__h76PAA3a7ONUMqXx1-AQ-g.txt,6,32,31,1.0,0.692749,0.325439,0.015381,0.025391
train,mtsd__train__h7RPdRVmG0Wm2rb0nLOUAA.txt,2,32,31,0.9999,0.255249,0.536743,0.012939,0.016357
train,mtsd__train__H_sMt-R4AXEfk_t7rGQOtQ.txt,5,32,31,1.0,0.822388,0.193970,0.105713,0.148193
train,mtsd__train__Hd5dO47FUhjX1OrhEqNIww.txt,1,32,31,0.9999,0.895142,0.731812,0.015869,0.022705
train,mtsd__train__Hd5dO47FUhjX1OrhEqNIww.txt,6,32,31,1.0,0.661621,0.722168,0.016113,0.021484
train,mtsd__train__HFXtlICHEi-P5jbhzifM4A.txt,4,32,31,0.9999,0.743896,0.431030,0.014648,0.026611
train,mtsd__train__hgLUIsxHXeSWqSpv5TXB3w.txt,4,32,31,1.0,0.088379,0.322632,0.057129,0.098389
train,mtsd__train__hgLUIsxHXeSWqSpv5TXB3w.txt,6,32,31,1.0,0.804199,0.474487,0.037109,0.063232
train,mtsd__train__hl70ztsqEkFCQOU659dJpg.txt,4,32,31,1.0,0.497192,0.323608,0.044189,0.064697
train,mtsd__train__HLHkM0DBl2TEO01IepC-ew.txt,1,32,31,1.0,0.589233,0.394897,0.032959,0.044678
train,mtsd__train__hQyS2xP1pSoQ29ASJDdHfw.txt,2,32,31,0.9999,0.542969,0.575195,0.015625,0.022949
train,mtsd__train__HSThOOFG4svRmUh9hGaxqw.txt,2,32,31,1.0,0.323486,0.509277,0.049805,0.078125
train,mtsd__train__hvn_bxdNNjWvailKEuoCDQ.txt,3,32,31,1.0,0.953247,0.462524,0.045654,0.051514
train,mtsd__train__HXDDV-45DUTcyLAVBXkQcQ.txt,1,32,31,1.0,0.296387,0.526733,0.024414,0.031006
train,mtsd__train__i4jhT6XWZkbTgXLOFf-sDg.txt,2,32,31,1.0,0.772827,0.512329,0.016846,0.032959
train,mtsd__train__I5YLasYI_8Jd9TS_bLjaLQ.txt,1,32,31,1.0,0.782471,0.309082,0.047852,0.081543
train,mtsd__train__ibNH750z7z0djIggBKmbBA.txt,2,32,31,1.0,0.800293,0.609619,0.057617,0.074219
train,mtsd__train__IdGwjkRfga5i_s4jXQPFIQ.txt,2,32,31,0.9999,0.578735,0.561401,0.022217,0.032959
train,mtsd__train__iE88WMgk6f5vskXPtVmHiQ.txt,1,32,31,1.0,0.868164,0.398926,0.035645,0.040039
train,mtsd__train__Ifa87jBAQV4lYyJF1tx1Zw.txt,3,32,31,1.0,0.838257,0.413696,0.099365,0.126221
train,mtsd__train__IiUiO4kBURd2d2OVxTefKQ.txt,2,32,31,1.0,0.696655,0.453979,0.025146,0.042725
train,mtsd__train__IIz58CsViLiJDCLAqjd0KA.txt,2,32,31,0.9999,0.187012,0.685303,0.012695,0.023438
train,mtsd__train__iM2ThWpD3ycIr60dSN0i0w.txt,4,32,31,1.0,0.555786,0.725708,0.026611,0.039795
train,mtsd__train__iM393CXM5dTX0ghsfuYPoQ.txt,1,32,31,1.0,0.206299,0.444214,0.018555,0.051514
train,mtsd__train__iNOcB62cfd5C_jJlntxM_A.txt,1,32,31,1.0,0.045166,0.617676,0.044434,0.055176
train,mtsd__train__iNOcB62cfd5C_jJlntxM_A.txt,2,32,31,1.0,0.656982,0.599121,0.047852,0.065430
train,mtsd__train__iNSlgPxiF0AOeYR3AWkNGg.txt,1,32,31,1.0,0.387939,0.611206,0.026367,0.032471
train,mtsd__train__inTm9o2Jh1-_NdjaGdxlIQ.txt,1,32,31,1.0,0.602783,0.714600,0.021484,0.028320
train,mtsd__train__iRJq9XMvyBLFBnxf3VxvSA.txt,1,32,31,1.0,0.217773,0.140503,0.049316,0.064697
train,mtsd__train__iuj51xTi-VY_Iu7P1qRnHQ.txt,1,32,31,1.0,0.831421,0.422363,0.086182,0.110840
train,mtsd__train__iwLM4Mn8TIn7zshBrbm52w.txt,1,32,31,0.9999,0.811401,0.656860,0.019287,0.040283
train,mtsd__train__IYvWC--D65-gRLUBLVqbSQ.txt,2,32,31,1.0,0.655884,0.437134,0.021729,0.042725
train,mtsd__train__IYzPOLIkxZtXJsjU63pMnw.txt,1,32,31,0.9999,0.630981,0.622559,0.027100,0.035645
train,mtsd__train__IYzPOLIkxZtXJsjU63pMnw.txt,5,32,31,1.0,0.273193,0.597656,0.026855,0.039062
train,mtsd__train__IzH2DtWeYfAs4-DPT9Et0w.txt,2,32,31,1.0,0.291382,0.154419,0.089111,0.126709
train,mtsd__train__J-8nlLTMRhKGH1lokswIzQ.txt,11,32,31,0.9999,0.776367,0.578857,0.017578,0.024414
train,mtsd__train__J-8nlLTMRhKGH1lokswIzQ.txt,12,32,31,1.0,0.593384,0.578247,0.018799,0.025635
train,mtsd__train__J-8nlLTMRhKGH1lokswIzQ.txt,13,32,31,0.9999,0.396729,0.575806,0.018066,0.024170
train,mtsd__train__J-8nlLTMRhKGH1lokswIzQ.txt,14,32,31,0.9999,0.212036,0.573608,0.016846,0.023193
train,mtsd__train__J-8nlLTMRhKGH1lokswIzQ.txt,15,32,31,1.0,0.035034,0.571167,0.014893,0.023682
train,mtsd__train__J1_0nCn33TFJsH3YBqXAIQ.txt,2,32,31,1.0,0.572632,0.446289,0.014404,0.022461
train,mtsd__train__j27OJeOCWiwl8uwC0-vnew.txt,1,32,31,1.0,0.842529,0.584351,0.044922,0.057373
train,mtsd__train__J2c0yZi6VbYGXlWZ08JfeA.txt,5,32,31,1.0,0.026489,0.329712,0.015869,0.020752
train,mtsd__train__J940LQvHkRh1urmCFGSZSg.txt,1,32,31,1.0,0.529541,0.568237,0.015625,0.037354
train,mtsd__train__jebrGefbChcExEaWgImXjA.txt,6,32,31,1.0,0.184692,0.578491,0.025146,0.048096
train,mtsd__train__JgDn1SficqPKIVxzkgo74A.txt,1,32,31,1.0,0.785278,0.648193,0.045654,0.059082
train,mtsd__train__JhJ_juFi28rlUH0h1l1EsQ.txt,1,32,31,1.0,0.830200,0.166504,0.015381,0.036621
train,mtsd__train__jjiZiZjrTAe7ldT1fPkFiw.txt,2,32,31,1.0,0.119995,0.695435,0.144775,0.167725
train,mtsd__train__jjiZiZjrTAe7ldT1fPkFiw.txt,4,32,31,1.0,0.172119,0.614868,0.014160,0.019775
train,mtsd__train__JKCRGouxArc5GE0hPyu-cg.txt,1,32,31,1.0,0.255249,0.421021,0.017334,0.029053
train,mtsd__train__jm7I1Z22iwg3NVVuAxnFzg.txt,2,32,31,0.9999,0.561768,0.720825,0.020996,0.028076
train,mtsd__train__JNfiYiCjqco5C_8YEGldKA.txt,1,32,31,1.0,0.468384,0.500000,0.019287,0.046875
train,mtsd__train__JsV5ZH6pbiwpCf6_6NnUFA.txt,1,32,31,1.0,0.703003,0.033325,0.040283,0.066650
train,mtsd__train__JtuYp67lYnGebyxbAv88lQ.txt,2,32,31,1.0,0.171875,0.614624,0.013672,0.020752
train,mtsd__train__JtuYp67lYnGebyxbAv88lQ.txt,3,32,31,1.0,0.119751,0.693115,0.147705,0.165527
train,mtsd__train__JtXi4F5qBcdL8RCTJcn5UA.txt,3,32,31,1.0,0.684937,0.722534,0.027100,0.035889
train,mtsd__train__Ju58lTcKw20vSA2cWA5oQg.txt,1,32,31,1.0,0.501587,0.729492,0.017334,0.023926
train,mtsd__train__k1-ZFv8tvVl-pXSK9x9wVw.txt,1,32,31,0.9999,0.867065,0.628174,0.018311,0.054199
train,mtsd__train__k92j5QiTFXijKiOvz0b3Vw.txt,1,32,31,1.0,0.213379,0.563477,0.037598,0.082031
train,mtsd__train__kA4oZevZRecpEpamYfpU8g.txt,1,32,31,0.9999,0.487671,0.504883,0.012939,0.017578
train,mtsd__train__kbObURhSNEctmYjwvKwpow.txt,1,32,31,1.0,0.705200,0.691528,0.019287,0.030518
train,mtsd__train__kGTzcI3Lw0iuBugmz5TI7A.txt,1,32,31,1.0,0.371582,0.522217,0.032715,0.186523
train,mtsd__train__kh9f0T64_t-IMebskQX4zQ.txt,2,32,31,1.0,0.717529,0.491577,0.036133,0.049072
train,mtsd__train__KibR92mZlR8Lrk4tNPnE9Q.txt,3,32,31,1.0,0.615356,0.524170,0.030029,0.040039
train,mtsd__train__KJJi1wNbQ85oJ-fa_36eng.txt,1,32,31,1.0,0.272583,0.614624,0.035889,0.046143
train,mtsd__train__KJJi1wNbQ85oJ-fa_36eng.txt,2,32,31,1.0,0.032715,0.642578,0.055664,0.073242
train,mtsd__train__klJ-39oJBZrH7epW8mJB0Q.txt,5,32,31,1.0,0.946289,0.618774,0.024902,0.031494
train,mtsd__train__kSCeLruwLEKaZ5if7aZxHw.txt,11,32,31,1.0,0.762939,0.462280,0.028809,0.077881
train,mtsd__train__KVu_DRMTIPGMpxF1_TFVYQ.txt,1,32,31,1.0,0.702637,0.778442,0.025879,0.099854
train,mtsd__train__kxte0f4aG5uktE1aVWoHaA.txt,4,32,31,1.0,0.630859,0.502563,0.040039,0.050049
train,mtsd__train__L9fKuE-4bqproy_iuRdV3w.txt,4,32,31,1.0,0.594849,0.502808,0.042236,0.052979
train,mtsd__train__L9MH8GUpyT1EpkGujgT5-w.txt,1,32,31,1.0,0.246460,0.463989,0.030029,0.050537
train,mtsd__train__L9MH8GUpyT1EpkGujgT5-w.txt,2,32,31,1.0,0.067261,0.469604,0.032471,0.050537
train,mtsd__train__lFDjOmHWrIUd0U09b9B9fA.txt,13,32,31,0.9999,0.904785,0.329468,0.013184,0.019287
train,mtsd__train__lfQaZlC4_XmaTgaQ4D2UoQ.txt,1,32,31,1.0,0.762329,0.641479,0.028564,0.035400
train,mtsd__train__lghLQHc4VEckhPPvgEaK2g.txt,2,32,31,0.9999,0.781616,0.674194,0.014893,0.017822
train,mtsd__train__LHFp_Fa3bNclOjEHITA-6w.txt,2,32,31,1.0,0.679932,0.758179,0.040527,0.060303
train,mtsd__train__LJ6zqx6SdHYJuh9Qfub62A.txt,1,32,31,1.0,0.748413,0.500610,0.016357,0.070068
train,mtsd__train__Lja9ync0WbqGC-72cEgjqQ.txt,1,32,31,0.9999,0.358276,0.617188,0.014404,0.025391
train,mtsd__train__lPrEuILhWY4_hVGtzzTFUg.txt,1,32,31,1.0,0.718140,0.603394,0.039795,0.068115
train,mtsd__train__LtHCC4M-RzmCHuydCdNEMA.txt,1,32,31,1.0,0.782593,0.347900,0.057373,0.104980
train,mtsd__train__lw9PK4v_AqsNZldnAyVkjA.txt,1,32,31,0.9999,0.387573,0.570435,0.014893,0.020264
train,mtsd__train__lx1nAzNpTAn3OWs8J-YRGQ.txt,4,32,31,1.0,0.305054,0.575928,0.032471,0.039551
train,mtsd__train__lXW8NXepQdqytizuM8fXcQ.txt,2,32,31,0.9999,0.789185,0.746826,0.013916,0.017578
train,mtsd__train__mmvw7OQ3O0u0QVyeRV0XHQ.txt,1,32,31,0.9999,0.275146,0.786743,0.019043,0.035400
train,mtsd__train__mmvw7OQ3O0u0QVyeRV0XHQ.txt,2,32,31,0.9999,0.150146,0.770752,0.015625,0.032715
train,mtsd__train__mnZRM39jvRtal9jNXWPZlw.txt,10,32,31,1.0,0.876831,0.523926,0.040771,0.054688
train,mtsd__train__MTIYtT1vV7J2WICkobIf-w.txt,1,32,31,1.0,0.573242,0.825073,0.028809,0.053467
train,mtsd__train__MwpNyMLugSzpsYyNPAlWwg.txt,1,32,31,1.0,0.797241,0.224609,0.084229,0.159180
train,mtsd__train__n1i7oOkcRpQRwQKKVp-h4Q.txt,2,32,31,1.0,0.700562,0.727905,0.042236,0.060791
train,mtsd__train__N5YIbLIa_9pHYXPkNSOrzQ.txt,2,32,31,0.9999,0.144531,0.698242,0.012695,0.023438
train,mtsd__train__n8M9uaq0DrnexqcJWVYsyw.txt,1,32,31,1.0,0.581787,0.661377,0.019531,0.037109
train,mtsd__train__nbNSFga4C-Je3vATEqBbEg.txt,3,32,31,1.0,0.107666,0.547974,0.066406,0.087646
train,mtsd__train__nLm1o889DI-2IVCLzh12HA.txt,5,32,31,0.9999,0.939941,0.401611,0.016602,0.029785
train,mtsd__train__NMj4_UOUmCYf1fXzrjzeAg.txt,1,32,31,1.0,0.272217,0.567627,0.014160,0.021973
train,mtsd__train__NMj4_UOUmCYf1fXzrjzeAg.txt,2,32,31,0.9999,0.454712,0.580444,0.012939,0.017334
train,mtsd__train__nptWecbAcqWNEroY5yinLw.txt,1,32,31,1.0,0.124268,0.693848,0.028809,0.038574
train,mtsd__train__NudskFzEeVPJdvODln3CdQ.txt,7,32,31,0.9999,0.199463,0.636108,0.013672,0.016357
train,mtsd__train__nxZ0PGKCa_sgxQsUGBEMsg.txt,1,32,31,0.9999,0.463257,0.566772,0.021240,0.026123
train,mtsd__train__nyQ-R6U8jWvZq8EURKkTnw.txt,2,32,31,0.9999,0.349609,0.559204,0.016113,0.029541
train,mtsd__train__O2sbCS9tEW9fpxPa7ek2Dg.txt,2,32,31,1.0,0.694824,0.376709,0.033691,0.059570
train,mtsd__train__O4-PSWOB84tIbzJFRpaXzg.txt,3,32,31,1.0,0.751343,0.445557,0.044678,0.057617
train,mtsd__train__o4fgmBc3SLo7SrJoSArnnQ.txt,3,32,31,0.9999,0.381348,0.709961,0.014160,0.023438
train,mtsd__train__o4fgmBc3SLo7SrJoSArnnQ.txt,4,32,31,0.9999,0.550049,0.702026,0.013184,0.022705
train,mtsd__train__O6FkvUf0823Agjb7lrKJ3A.txt,1,32,31,1.0,0.539917,0.080444,0.051514,0.068115
train,mtsd__train__o6Qoi9Ji7USxa9C806qF4Q.txt,6,32,31,1.0,0.115723,0.501709,0.043945,0.094727
train,mtsd__train__o6Qoi9Ji7USxa9C806qF4Q.txt,8,32,31,1.0,0.768433,0.566040,0.056396,0.113037
train,mtsd__train__o6Qoi9Ji7USxa9C806qF4Q.txt,10,32,31,0.9999,0.400024,0.749268,0.012939,0.022949
train,mtsd__train__o_JNsQWm04Z7mclK0xZNug.txt,1,32,31,1.0,0.684692,0.679077,0.053955,0.102783
train,mtsd__train__OaXXDmRxQIzDs_IEEUJasA.txt,2,32,31,1.0,0.543701,0.392578,0.067871,0.067383
train,mtsd__train__OEocR8aa8tjwidKmJqDQeg.txt,3,32,31,0.9999,0.641479,0.404907,0.024170,0.033936
train,mtsd__train__okt6OJTTyzpuWTyba1nW-w.txt,1,32,31,1.0,0.256226,0.506348,0.031006,0.062988
train,mtsd__train__onPhpvKrgoMKU1RSrMEr6Q.txt,3,32,31,1.0,0.180786,0.421387,0.019775,0.029785
train,mtsd__train__oPmTk3TQIBGt21xeA3Jr_w.txt,1,32,31,0.9999,0.672974,0.710571,0.016846,0.040283
train,mtsd__train__orG2uz0geFHo8vLK5cn9dw.txt,1,32,31,1.0,0.903198,0.587402,0.024658,0.035645
train,mtsd__train__OsKOLSfxCHfAT3qgCWHY7Q.txt,2,32,31,0.9999,0.411987,0.663574,0.014404,0.019043
train,mtsd__train__oUxnDg0fujavlQDTbVYljw.txt,1,32,31,1.0,0.576294,0.586182,0.026123,0.035156
train,mtsd__train__ovzHwZdkiN3NPVTKwT1T1w.txt,1,32,31,1.0,0.375244,0.522339,0.012695,0.017334
train,mtsd__train__OyicYFbGVh0hldLZw-iKzg.txt,2,32,31,1.0,0.802490,0.440063,0.048828,0.068115
train,mtsd__train__p1PBcIYw6A9KU5bUJ70Ufw.txt,2,32,31,0.9999,0.388550,0.648682,0.014404,0.026855
train,mtsd__train__p9lclWXBUMybQ6vrKr63fw.txt,2,32,31,0.9999,0.743896,0.600586,0.012695,0.024902
train,mtsd__train__P_WQcMdizCDIHm3VSYACLw.txt,1,32,31,0.9999,0.385864,0.502808,0.018311,0.031494
train,mtsd__train__PcHMX4BG8vDl4JM47eUndQ.txt,1,32,31,1.0,0.255737,0.532837,0.020752,0.026611
train,mtsd__train__peNUW9nJW3qp1sbJ2pVAuQ.txt,2,32,31,1.0,0.918823,0.555786,0.056396,0.086182
train,mtsd__train__pFauZYeTLSRWfx2l3kxH_w.txt,7,32,31,1.0,0.902588,0.652954,0.015625,0.044189
train,mtsd__train__PFg_scOFSQYZefiMhpmgpg.txt,1,32,31,1.0,0.204102,0.555542,0.029297,0.036377
train,mtsd__train__pJvqADYriEQNthAEhCu_YA.txt,2,32,31,1.0,0.183594,0.317749,0.023926,0.046631
train,mtsd__train__PKzrBpaD0o2xc5dbLwycUQ.txt,1,32,31,0.9999,0.334473,0.546021,0.019531,0.027588
train,mtsd__train__PKzrBpaD0o2xc5dbLwycUQ.txt,11,32,31,0.9999,0.537109,0.544434,0.023926,0.031738
train,mtsd__train__PKzrBpaD0o2xc5dbLwycUQ.txt,12,32,31,1.0,0.145996,0.551758,0.022461,0.026367
train,mtsd__train__pN4s2yDGciZY_xphTgOnEQ.txt,3,32,31,0.9999,0.716187,0.434204,0.024170,0.031982
train,mtsd__train__pN4s2yDGciZY_xphTgOnEQ.txt,4,32,31,1.0,0.938232,0.428833,0.025879,0.033447
train,mtsd__train__PpQaw5Vtfxo2NS-qKlp23A.txt,2,32,31,1.0,0.584961,0.053589,0.012695,0.028564
train,mtsd__train__pTHhnfRyP0FoViyyILBEzA.txt,2,32,31,0.9999,0.896851,0.502197,0.017822,0.037598
train,mtsd__train__pUXCSbq7nUO1Cx4y4YZl_Q.txt,2,32,31,1.0,0.887573,0.419556,0.039795,0.073486
train,mtsd__train__pVu7KhzQO4zolBELO7QeZA.txt,2,32,31,1.0,0.920166,0.536743,0.028809,0.037842
train,mtsd__train__PwnQt8h4xBBJOgPLDX3xdA.txt,2,32,31,1.0,0.721436,0.425415,0.027832,0.037842
train,mtsd__train__PYGlwV3rRVqe9wHYfpW13Q.txt,1,32,31,0.9999,0.554321,0.528931,0.014893,0.019775
train,mtsd__train__PySTilttVA4xl_TnuB-3oQ.txt,1,32,31,0.9999,0.405762,0.382202,0.012695,0.025146
train,mtsd__train__q10w5oSzG5DhgeHxenVQ4Q.txt,1,32,31,0.9999,0.238770,0.493286,0.013184,0.019775
train,mtsd__train__Q_3o-7PJMXoF54wfNHquuA.txt,2,32,31,1.0,0.665894,0.379761,0.026123,0.035889
train,mtsd__train__QCtlnLXlJsJfv85oAfNtUQ.txt,2,32,31,1.0,0.737183,0.419922,0.038330,0.063965
train,mtsd__train__qKHcg5S1hiw-xdW5esEGGg.txt,4,32,31,1.0,0.933105,0.492065,0.083008,0.098389
train,mtsd__train__qmFRo12mt_At23tAoKcvvQ.txt,2,32,31,1.0,0.433960,0.560791,0.019287,0.032227
train,mtsd__train__Qnd7bih9_rUu7OVYF4L2UQ.txt,1,32,31,1.0,0.775879,0.461060,0.016113,0.030518
train,mtsd__train__qp9Fn2btATzmalcGbDe2pQ.txt,3,32,31,1.0,0.481201,0.543579,0.019043,0.034424
train,mtsd__train__QPKqplk9loeZXkgj4S_j-A.txt,1,32,31,0.9999,0.072998,0.587402,0.013184,0.029297
train,mtsd__train__qsbtDACHsjuy-hMB-Q9w5w.txt,2,32,31,0.9999,0.771851,0.583130,0.013428,0.017822
train,mtsd__train__RA5tHnQ6RlZOhRYZhagwoA.txt,7,32,31,1.0,0.152710,0.598145,0.028564,0.037109
train,mtsd__train__rAFhoQfPy3n_lv-i7M4Z_g.txt,2,32,31,1.0,0.962158,0.908203,0.059082,0.086426
train,mtsd__train__rAspApe78xWUMJkQrCTtDA.txt,1,32,31,1.0,0.907471,0.136108,0.081543,0.170166
train,mtsd__train__rDClefo8F2GAG54TEjXvDA.txt,1,32,31,0.9999,0.501221,0.473511,0.013672,0.023193
train,mtsd__train__rE9_mrkM26uOuGdBVDs8eA.txt,6,32,31,1.0,0.753052,0.365967,0.048096,0.072266
train,mtsd__train__RhDyYRS3y8SpFi5MoMj1zw.txt,3,32,31,1.0,0.575928,0.581177,0.042969,0.058838
train,mtsd__train__rhG_gO0rPUPMW6WbXGqGVA.txt,16,32,31,1.0,0.520386,0.654297,0.016846,0.030762
train,mtsd__train__rhG_gO0rPUPMW6WbXGqGVA.txt,18,32,31,0.9999,0.311523,0.630371,0.018555,0.030762
train,mtsd__train__rhG_gO0rPUPMW6WbXGqGVA.txt,19,32,31,1.0,0.088623,0.602539,0.020020,0.033203
train,mtsd__train__rhG_gO0rPUPMW6WbXGqGVA.txt,21,32,31,1.0,0.744751,0.690186,0.015381,0.029297
train,mtsd__train__rhG_gO0rPUPMW6WbXGqGVA.txt,28,32,31,1.0,0.956177,0.722168,0.015381,0.027832
train,mtsd__train__rHGN7KgB2JgYRv44NHTr1Q.txt,1,32,31,1.0,0.686035,0.511108,0.022949,0.042236
train,mtsd__train__rOGmYVmKQh40IQYqWYUOFg.txt,1,32,31,1.0,0.140991,0.403198,0.019775,0.042725
train,mtsd__train__RoW0m6mo_iXt4UvFpJ22eg.txt,1,32,31,1.0,0.415894,0.481201,0.031006,0.064453
train,mtsd__train__rR1AyVmPC6uWIpSLguDjvQ.txt,4,32,31,1.0,0.319214,0.683716,0.022217,0.030518
train,mtsd__train__RrpOvAtv6f7ifuHUvLUVAg.txt,1,32,31,1.0,0.399292,0.578491,0.017334,0.028564
train,mtsd__train__RS9vjtPma3olnv3qVHn-bw.txt,2,32,31,0.9999,0.369995,0.455933,0.015869,0.019775
train,mtsd__train__rsOOAgU7qk_P19SinSGhsA.txt,2,32,31,1.0,0.251465,0.362793,0.017090,0.022949
train,mtsd__train__rt8vEseX9bUqDzBQKP2Cow.txt,2,32,31,0.9999,0.394897,0.562012,0.022217,0.030273
train,mtsd__train__RvITnZzvMWgea-RFFZqlgg.txt,2,32,31,1.0,0.659302,0.325806,0.025635,0.032959
train,mtsd__train__RZVcilOftwU-cHNHoAfe0g.txt,2,32,31,1.0,0.769653,0.586914,0.058350,0.071777
train,mtsd__train__S0hQUjJlDSPdAXSDyenAzw.txt,1,32,31,1.0,0.230835,0.532349,0.021240,0.028564
train,mtsd__train__S0hQUjJlDSPdAXSDyenAzw.txt,2,32,31,1.0,0.637817,0.515503,0.025146,0.030029
train,mtsd__train__s17HjaAClUejgFZNCVTwkA.txt,6,32,31,1.0,0.906738,0.081299,0.125977,0.162598
train,mtsd__train__S1o6WGflRZWhdtEAxiEEVQ.txt,2,32,31,1.0,0.654419,0.571777,0.030518,0.041016
train,mtsd__train__S8ZJTFTkl9Pv6F3hHpYQFA.txt,3,32,31,1.0,0.429565,0.463867,0.031982,0.041992
train,mtsd__train__S8ZJTFTkl9Pv6F3hHpYQFA.txt,5,32,31,1.0,0.669312,0.457031,0.031982,0.041992
train,mtsd__train__s98yTsAFwfprqYzjEZLgng.txt,2,32,31,1.0,0.190674,0.620117,0.042480,0.073242
train,mtsd__train__SgohPP2HQbGoJ7gwNvpQkA.txt,1,32,31,1.0,0.649170,0.713501,0.013672,0.017822
train,mtsd__train__sjAjF2OA7ZW-7azmaxNZrA.txt,6,32,31,0.9999,0.290894,0.617065,0.015381,0.024658
train,mtsd__train__SOlz2Z5KJkaOqDuCrHVtNA.txt,1,32,31,1.0,0.646240,0.615479,0.020508,0.037598
train,mtsd__train__sPo8Spl4LKN1-zGgyf0D-Q.txt,1,32,31,1.0,0.560547,0.656128,0.019043,0.026611
train,mtsd__train__srQY8RpK8SdI-6Z83Lle_w.txt,1,32,31,1.0,0.666260,0.396606,0.031250,0.041748
train,mtsd__train__SWPikw9aQW6panoYMiH2ug.txt,5,32,31,1.0,0.806519,0.200073,0.060791,0.080322
train,mtsd__train__sWvccHwINngPWgExd13PDg.txt,1,32,31,0.9999,0.627686,0.608032,0.013672,0.018799
train,mtsd__train__Sxr5jSceL8X_3DfCbHVdjQ.txt,2,32,31,1.0,0.972290,0.595947,0.055420,0.110840
train,mtsd__train__SYEKeV5G7aPaRbuhPF0asQ.txt,5,32,31,1.0,0.787109,0.597778,0.050781,0.063721
train,mtsd__train__SztfYXF7L8hZzMUj9Gjgzg.txt,2,32,31,1.0,0.784424,0.449585,0.018555,0.034912
train,mtsd__train__TBcR7mhvs-C-O2q7cdbXKA.txt,1,32,31,1.0,0.621216,0.416870,0.047119,0.069580
train,mtsd__train__Tgi-dCenrSdnxYzm1pKmUA.txt,1,32,31,0.9999,0.415771,0.557861,0.018066,0.023438
train,mtsd__train__TGoqii8gRewDLM8ZgpCBnQ.txt,1,32,31,1.0,0.691284,0.546021,0.050049,0.064697
train,mtsd__train__th_-udinE22YnKtLyjmrNw.txt,1,32,31,1.0,0.711182,0.350952,0.041016,0.074463
train,mtsd__train__TiZ0N9ZrhCPZrH8GgrH51Q.txt,1,32,31,1.0,0.354248,0.536621,0.042480,0.077637
train,mtsd__train__TJ_7Td9UyfbwnVeoZJkSGA.txt,2,32,31,1.0,0.307617,0.435669,0.062012,0.081787
train,mtsd__train__TKN8_-uaJ14dhavKmu0OmQ.txt,2,32,31,1.0,0.891357,0.590088,0.024902,0.030273
train,mtsd__train__tmlwK9RXUSDc1GuHVnNJkA.txt,1,32,31,1.0,0.493042,0.486084,0.014404,0.018555
train,mtsd__train__touNH4w-TmQFdhk9hQZeUA.txt,1,32,31,0.9999,0.450928,0.580200,0.014160,0.018311
train,mtsd__train__touNH4w-TmQFdhk9hQZeUA.txt,2,32,31,1.0,0.921875,0.576172,0.015137,0.018555
train,mtsd__train__TPCLjQ4_O2323FQ96KBdpg.txt,2,32,31,0.9999,0.615356,0.417603,0.026123,0.033447
train,mtsd__train__tRJuvIw3XNlX9-dfq3_RTw.txt,2,32,31,1.0,0.611694,0.536377,0.017334,0.038086
train,mtsd__train__tTIFiTMvVSis7a0iY4ymJw.txt,1,32,31,1.0,0.898804,0.405396,0.092041,0.125732
train,mtsd__train__twZlSq-hyjfcITAXynVOrA.txt,1,32,31,1.0,0.143799,0.449097,0.037109,0.041748
train,mtsd__train__TZYfjQAGda3IEw0bVvjEjg.txt,2,32,31,1.0,0.671265,0.370850,0.042236,0.059570
train,mtsd__train__U_tFPhXODrEj-Q6xEqUuYg.txt,1,32,31,1.0,0.382324,0.668335,0.019531,0.036377
train,mtsd__train__uc5T6Su5-lz-6ZB1cknDnA.txt,3,32,31,1.0,0.675781,0.576782,0.028809,0.050049
train,mtsd__train__uCq3AroSQzAyWm11JhI7vw.txt,2,32,31,1.0,0.678955,0.453735,0.028809,0.079834
train,mtsd__train__uGbEOR_sQ1UnZdygqKWAGw.txt,1,32,31,0.9999,0.600098,0.642822,0.016113,0.022461
train,mtsd__train__Ul-DtlqnRUVMcZLYjNuDEQ.txt,2,32,31,1.0,0.784912,0.407227,0.030762,0.039551
train,mtsd__train__UnCrr4EgkO-LkpaRcLtb8w.txt,3,32,31,0.9999,0.835693,0.269897,0.013672,0.037842
train,mtsd__train__uOzX34zJXD3erxwTqIKsQg.txt,1,32,31,0.9999,0.566528,0.621216,0.017822,0.024170
train,mtsd__train__uP55_zkXB9hih4klGoc1_A.txt,1,32,31,1.0,0.557251,0.340088,0.014893,0.026855
train,mtsd__train__uuVaFexGPqsickUdCmmWoA.txt,1,32,31,1.0,0.112915,0.333130,0.054443,0.126221
train,mtsd__train__vAvN2f6cCp62CYgoDu8ZRg.txt,3,32,31,1.0,0.534302,0.554443,0.015869,0.048340
train,mtsd__train__vcKtWohsV3wmNjtyNwlU-g.txt,4,32,31,1.0,0.913330,0.460693,0.070801,0.163086
train,mtsd__train__vh9AW6E4B73glcBnwbaddQ.txt,2,32,31,1.0,0.965454,0.600952,0.053467,0.115967
train,mtsd__train__VLGMKAxP0HB7Fw9r1fUo9A.txt,2,32,31,1.0,0.618652,0.300293,0.036621,0.048340
train,mtsd__train__VLGMKAxP0HB7Fw9r1fUo9A.txt,3,32,31,1.0,0.183716,0.143311,0.051514,0.074219
train,mtsd__train__vMFK42fPwSsCQ6c4AiJaXw.txt,1,32,31,1.0,0.344971,0.427124,0.015625,0.022705
train,mtsd__train__VmGXDXzc-bdEs3rSB-HsZA.txt,2,32,31,1.0,0.446167,0.661987,0.021240,0.029541
train,mtsd__train__Vo5lnKck65TB0TBQnJQwfw.txt,4,32,31,1.0,0.632324,0.672852,0.030762,0.040039
train,mtsd__train__VoqqRDOlWQi-1Vbr3Tme-Q.txt,1,32,31,1.0,0.665771,0.522095,0.035645,0.046631
train,mtsd__train__Vpm0yiQ0r-NMROvgTApv2A.txt,3,32,31,0.9999,0.528564,0.357056,0.018066,0.024170
train,mtsd__train__VUmuzxYtBfREaQGo-iVTqA.txt,2,32,31,0.9999,0.894897,0.528809,0.020752,0.035156
train,mtsd__train__VvCJKO91SYJ37vz2mPp2Cw.txt,1,32,31,1.0,0.656494,0.574585,0.040039,0.053467
train,mtsd__train__vx7LuXV9uDY2KpdUL9jgZQ.txt,1,32,31,0.9999,0.499512,0.651978,0.015625,0.021240
train,mtsd__train__VyY66jRjhtf4m7mSjH45jw.txt,2,32,31,1.0,0.945801,0.268433,0.020996,0.047607
train,mtsd__train__W-Wm0HSh8VeOjq8ZnnHy8g.txt,3,32,31,0.9999,0.665771,0.532227,0.025879,0.048828
train,mtsd__train__W_ope62qS9sFMuxCMZ77Cw.txt,1,32,31,1.0,0.302490,0.543701,0.020020,0.027832
train,mtsd__train__wdWcNQ6NYVCnVqPjH4Z2ig.txt,1,32,31,1.0,0.595947,0.381226,0.039551,0.072021
train,mtsd__train__wECEAUYMO04JwtuOZXj-Sw.txt,1,32,31,1.0,0.036011,0.277954,0.072021,0.154541
train,mtsd__train__wHJnqzfdxoNaFXJNLdWfug.txt,1,32,31,1.0,0.641479,0.472656,0.033447,0.043945
train,mtsd__train__WHS56MckpxDgj5PTJiOYFA.txt,1,32,31,1.0,0.646973,0.395996,0.015625,0.034668
train,mtsd__train__WiEPephxc8piOUnHhAiGWg.txt,1,32,31,1.0,0.636841,0.581055,0.027100,0.049316
train,mtsd__train__wlOnKQ4e2JJ2bhKtHwgS6Q.txt,1,32,31,1.0,0.452881,0.625122,0.014160,0.019775
train,mtsd__train__wlOnKQ4e2JJ2bhKtHwgS6Q.txt,2,32,31,0.9999,0.625366,0.623535,0.013916,0.018066
train,mtsd__train__wNhI0hYKbRHBdEwMx7aPLA.txt,1,32,31,1.0,0.583008,0.537964,0.026367,0.034424
train,mtsd__train__wruRxdhpbIsAWvYMv_1CUA.txt,2,32,31,1.0,0.934082,0.454590,0.014160,0.019043
train,mtsd__train__wTiEAHO8kStomythBqNKtg.txt,1,32,31,0.9999,0.019775,0.561646,0.014160,0.019775
train,mtsd__train__wVsBpYpGs78arrpTmQWFyw.txt,1,32,31,1.0,0.605713,0.635498,0.019531,0.026367
train,mtsd__train__wVsBpYpGs78arrpTmQWFyw.txt,2,32,31,1.0,0.338013,0.619873,0.019775,0.027832
train,mtsd__train__WYYXDd-etgD8Z4EqJszG7Q.txt,6,32,31,1.0,0.970215,0.330322,0.058594,0.116211
train,mtsd__train__X_DOAZlq-3I6FHFIHGg9bg.txt,1,32,31,1.0,0.897583,0.481567,0.050049,0.062256
train,mtsd__train__XbuIG28LmdzY0WOVuJy7fA.txt,1,32,31,1.0,0.799316,0.364746,0.058594,0.085938
train,mtsd__train__xfFZZtytyjhq3LYHyvbt7A.txt,2,32,31,1.0,0.827271,0.370483,0.077881,0.102783
train,mtsd__train__xKWCf-kSmpUMRDxRuSgCug.txt,3,32,31,1.0,0.313965,0.457153,0.020020,0.026611
train,mtsd__train__xKWCf-kSmpUMRDxRuSgCug.txt,4,32,31,1.0,0.831543,0.468018,0.017578,0.024902
train,mtsd__train__XNwaazuhY7V5rK85fkEkxw.txt,2,32,31,1.0,0.475830,0.509033,0.012695,0.023438
train,mtsd__train__XqDwsJkw1ZoNOQKKueGV5A.txt,2,32,31,1.0,0.159668,0.568726,0.045898,0.065186
train,mtsd__train__XvzVycUrSJnap6U_Ff6XRQ.txt,1,32,31,1.0,0.011597,0.580933,0.023193,0.044678
train,mtsd__train__y0EdysGak5DmRBLCPADbfA.txt,1,32,31,1.0,0.632812,0.489990,0.038086,0.038574
train,mtsd__train__Y2_AjNDiZPFRKv205TvqmA.txt,3,32,31,1.0,0.705322,0.570801,0.056152,0.065918
train,mtsd__train__y3gO2Cso4eCopk6VduTSUw.txt,1,32,31,1.0,0.519043,0.455444,0.022461,0.029541
train,mtsd__train__yeHnl5JMDYeIHkRJyQv_Qg.txt,2,32,31,1.0,0.903076,0.619385,0.019043,0.023926
train,mtsd__train__yjtg679CHmqrEB00YeySZA.txt,1,32,31,1.0,0.773926,0.500244,0.069824,0.095215
train,mtsd__train__yjtg679CHmqrEB00YeySZA.txt,5,32,31,1.0,0.350220,0.539307,0.023682,0.030273
train,mtsd__train__YknPLah9kv1qBxsHfkOdEw.txt,4,32,31,1.0,0.568237,0.552490,0.021729,0.032227
train,mtsd__train__ySHxhMy9QcDoR388eTWkaA.txt,3,32,31,1.0,0.756836,0.620117,0.032227,0.041504
train,mtsd__train__yvZ-yQY87UUI4HmYeak0vQ.txt,3,32,31,1.0,0.601562,0.476318,0.052246,0.078613
train,mtsd__train__YyIxko4wHS3C8JzZSBxC0g.txt,1,32,31,1.0,0.800049,0.401123,0.028809,0.036133
train,mtsd__train__z0axzCGJOkapXS4Tv5MKDA.txt,1,32,31,1.0,0.385376,0.436768,0.036865,0.063965
train,mtsd__train__z3MhLxK2e92UcqTLb4tiGw.txt,1,32,31,0.9999,0.627930,0.623169,0.013672,0.029053
train,mtsd__train__Z9wUY2FH3D5P2DsxsBmqhg.txt,3,32,31,1.0,0.594238,0.716919,0.018555,0.025146
train,mtsd__train__ZBKSciLYsKTHINYowI9CoA.txt,1,32,31,1.0,0.445679,0.571411,0.021240,0.027588
train,mtsd__train__zDLfP14QYut5-bVPkBgqnA.txt,1,32,31,1.0,0.281372,0.337769,0.051025,0.067627
train,mtsd__train__ZGCxVJJOUn_1iPr8AjVCqw.txt,10,32,31,1.0,0.486572,0.371216,0.016113,0.024658
train,mtsd__train__zGNEeJyNExPKQ8artf-XNw.txt,2,32,31,0.9999,0.374023,0.455444,0.023926,0.031982
train,mtsd__train__zGNEeJyNExPKQ8artf-XNw.txt,4,32,31,1.0,0.541992,0.431885,0.016113,0.023926
train,mtsd__train__ZMOcQVjDCqJSGGB4GKWE4A.txt,4,32,31,0.9999,0.707397,0.590576,0.023682,0.030762
train,mtsd__train__ZO3r8tln5-JsrZ3MEkCgEg.txt,2,32,31,0.9999,0.696777,0.599731,0.020020,0.026611
train,mtsd__train__ZOl8k2OeO2Gz9R4Gl7xurw.txt,2,32,31,1.0,0.591797,0.549438,0.037109,0.049072
train,mtsd__train__zOuhaqGjYzENmefKtl3drg.txt,1,32,31,1.0,0.468384,0.659790,0.024170,0.032959
train,mtsd__train__zQCE1gTJc5Jtsd77PsKcZw.txt,1,32,31,1.0,0.661865,0.621582,0.013184,0.017090
train,mtsd__train__ZtoZvJJ0Ga2n7wDiaT-G3Q.txt,1,32,31,1.0,0.430786,0.646240,0.022217,0.038574
train,mtsd__train__zuWKWq648uGz0Mpq3OPigQ.txt,1,32,31,1.0,0.615234,0.369141,0.035156,0.050293
train,mtsd__train__zyDZsY7P_2Pga54M-90y5g.txt,1,32,31,0.9999,0.663330,0.667236,0.012695,0.016602
train,mtsd__val__-f97kCpbvG93rPANS2CFsQ.txt,2,32,31,0.9999,0.704224,0.692261,0.018799,0.024170
train,mtsd__val__1IJ35z-Oh5ecV9O3j2ipzg.txt,2,32,31,0.9999,0.544067,0.645508,0.019775,0.027344
train,mtsd__val__1zn4_S6DqO2rrIXTlNMeeQ.txt,1,32,31,1.0,0.777832,0.484009,0.058105,0.076416
train,mtsd__val__2zxDOiqp5HDDWNzPeJSTEA.txt,4,32,31,1.0,0.579834,0.545044,0.014648,0.020264
train,mtsd__val__6WBkjQODusInykh75NOGZw.txt,2,32,31,0.9999,0.396118,0.614014,0.015381,0.021973
train,mtsd__val___Gd8xC-9PRdEeIWtoHrpYg.txt,2,32,31,0.9999,0.421631,0.545776,0.015137,0.019775
train,mtsd__val__a5eGlwaATFtSuOj5VZMBEg.txt,2,32,31,1.0,0.732544,0.591675,0.021729,0.051514
train,mtsd__val__A9r7_J65o_Phqfob1GPsZg.txt,2,32,31,1.0,0.707764,0.607178,0.055664,0.074219
train,mtsd__val__AoIU4ZyjMmqowxu1yYzC4g.txt,1,32,31,1.0,0.592285,0.533569,0.044434,0.065186
train,mtsd__val__ApcHkhfXzZoUlcFR7pRdFg.txt,3,32,31,1.0,0.666138,0.619751,0.013428,0.024170
train,mtsd__val__B2ry3gW10Oet93Ku0zSWGw.txt,1,32,31,1.0,0.334595,0.374390,0.045166,0.108643
train,mtsd__val__bWn0TliZoKfYBLTzwHaJ-w.txt,3,32,31,1.0,0.694214,0.613770,0.022217,0.036621
train,mtsd__val__COrQoki_QPLLT9DoexCaQA.txt,1,32,31,0.9999,0.603271,0.560059,0.022949,0.052246
train,mtsd__val__D0warOOAwyIc37bXjn0dCw.txt,1,32,31,0.9999,0.535522,0.654175,0.014893,0.027100
train,mtsd__val__ECjoWAJ9f_NZzqzIGlf-FQ.txt,4,32,31,1.0,0.956177,0.638306,0.054443,0.061768
train,mtsd__val__f3Hx5GP_X3AGFWW6TTusmA.txt,1,32,31,1.0,0.491455,0.611328,0.013184,0.025391
train,mtsd__val__Fd8j2scVMb7nXFuowAWrew.txt,1,32,31,1.0,0.570435,0.527100,0.039307,0.069336
train,mtsd__val__FIZfvyPrVfSYU8C6cNW_NQ.txt,1,32,31,1.0,0.512573,0.320190,0.028564,0.050537
train,mtsd__val__fjPlTaMcQKZXjojQbVLnIg.txt,3,32,31,1.0,0.581543,0.560425,0.020996,0.028564
train,mtsd__val__gePVn1thfj09NPhNoC2hIw.txt,1,32,31,0.9999,0.331299,0.633057,0.016113,0.022949
train,mtsd__val__I4pAtgBs02NY8VqOVxSMnA.txt,1,32,31,1.0,0.495239,0.675171,0.017822,0.025146
train,mtsd__val__Jb6G3E2UBKm5qVop7kP2kw.txt,3,32,31,0.9999,0.576904,0.509155,0.020020,0.025146
train,mtsd__val__jH0qzjQmKRihl6uikBS8aA.txt,1,32,31,1.0,0.716919,0.318359,0.078857,0.112793
train,mtsd__val__jxv57jX2cGvFAMQsypPWcQ.txt,5,32,31,1.0,0.777222,0.395142,0.047119,0.078369
train,mtsd__val__k4BFLmUT-aL7sx9atQOh-w.txt,1,32,31,0.9999,0.329712,0.427734,0.014893,0.019531
train,mtsd__val__kHs_i08Gm_hKlLMcZcASNg.txt,1,32,31,1.0,0.380127,0.469727,0.025391,0.044922
train,mtsd__val__lyHbpf2_mPkMhEy0i08cmQ.txt,1,32,31,0.9999,0.566895,0.443604,0.016602,0.030762
train,mtsd__val__M-OrEtlaEHdnlSvTvJ3J6A.txt,9,32,31,1.0,0.468628,0.203247,0.013916,0.020264
train,mtsd__val__M0IOXHyrtkutd2_bOXP_kw.txt,2,32,31,1.0,0.486206,0.325806,0.098877,0.131104
train,mtsd__val__myKQWPfbVGqCHw_-fyS4DQ.txt,1,32,31,0.9999,0.021973,0.340942,0.017090,0.028076
train,mtsd__val__o9ztrxSXgGLcaB_oRbp5bA.txt,1,32,31,1.0,0.590088,0.483521,0.027344,0.036865
train,mtsd__val__oTQTfoeiQgT0vAQgIyAALw.txt,1,32,31,0.9999,0.239014,0.451782,0.013184,0.056885
train,mtsd__val__PGwbVfnpeE8_e6gm32kflQ.txt,3,32,31,1.0,0.274170,0.550537,0.013184,0.016113
train,mtsd__val__Q83P4C3NTC5I5Mdk8yIrvQ.txt,1,32,31,1.0,0.829468,0.663574,0.063721,0.079102
train,mtsd__val__qatu34oW1xeZXk3qTj6ZuQ.txt,1,32,31,0.9999,0.610229,0.777588,0.017334,0.024902
train,mtsd__val__qHWpmTL7PCZQ31M2BJawtA.txt,3,32,31,0.9999,0.804688,0.599487,0.022461,0.025146
train,mtsd__val__QJ2258H2Up_VlYKpuKDCZw.txt,3,32,31,1.0,0.768066,0.587280,0.044434,0.102783
train,mtsd__val__QJ2258H2Up_VlYKpuKDCZw.txt,5,32,31,1.0,0.255371,0.529785,0.050293,0.100586
train,mtsd__val__QJ2258H2Up_VlYKpuKDCZw.txt,7,32,31,0.9999,0.992065,0.584961,0.015381,0.067383
train,mtsd__val__qkZtOmDVwPrxO1kvfJuVVw.txt,3,32,31,1.0,0.847656,0.607544,0.076660,0.096436
train,mtsd__val__RfhBihYJxCnMnnmy-GXt4g.txt,1,32,31,1.0,0.755005,0.664673,0.025635,0.031982
train,mtsd__val__spofhRdXS7ikWbtRX1r-fg.txt,1,32,31,1.0,0.508789,0.527222,0.015625,0.029053
train,mtsd__val__SvMOGtN6vRDf2MmyTej6eA.txt,1,32,31,1.0,0.645142,0.409058,0.028564,0.043701
train,mtsd__val__sVwe7QquMl74SCkgwDT9UQ.txt,7,32,31,1.0,0.928467,0.416138,0.040527,0.044678
train,mtsd__val__T2uPUe8xgfvV9Zk_Hk0ooA.txt,3,32,31,1.0,0.940674,0.456421,0.016602,0.026611
train,mtsd__val__UmaLevl-AubTs0cRPDC2UA.txt,1,32,31,1.0,0.687622,0.385254,0.029541,0.039551
train,mtsd__val__UmaLevl-AubTs0cRPDC2UA.txt,2,32,31,1.0,0.312866,0.143799,0.157959,0.216309
train,mtsd__val__UYAe7A6VfvH-BPr2gxs5iw.txt,1,32,31,0.9999,0.721313,0.384766,0.018311,0.024414
train,mtsd__val__vLbwI-W6JkNHdplA46XB1A.txt,1,32,31,0.9999,0.589600,0.630127,0.017578,0.027344
train,mtsd__val__VxjcLWa10BCIgOQtjvKqLg.txt,1,32,31,1.0,0.291382,0.567383,0.041260,0.087402
train,mtsd__val__wcuQtSYuT3qAu_4Slt0C3A.txt,2,32,31,1.0,0.236450,0.605835,0.017334,0.031982
train,mtsd__val__x1IF6Oz91ezS2XQWAnhb8w.txt,2,32,31,1.0,0.241577,0.525879,0.013916,0.028320
train,mtsd__val__ym3GDbfTMqXK4CYp7saNTw.txt,1,32,31,1.0,0.621460,0.487915,0.024170,0.029053
train,mtsd__val__yOlk6oW-3Bpf5W0iOHHnrw.txt,1,32,31,0.9999,0.547363,0.637939,0.015625,0.027832
train,mtsd__val__z9iwGBLuukBfhDmBgMQljQ.txt,1,32,31,1.0,0.454590,0.252441,0.020508,0.039551
train,mtsd__val__ZiHhd2KSs49RcrrHrAbmGA.txt,3,32,31,1.0,0.541504,0.428467,0.026855,0.035645
val,mtsd__train__-Uu9SyEFABUp3SjRoUAVrQ.txt,3,32,31,0.9999,0.427979,0.509521,0.012695,0.017578
val,mtsd__train__0aP_Te3H5mTBhZoosLdk-g.txt,1,32,31,0.9999,0.761108,0.455566,0.013916,0.030273
val,mtsd__train__0eZLQAEAFIdZFNf3VJG2qA.txt,2,32,31,0.9999,0.655518,0.731201,0.014648,0.021484
val,mtsd__train__0p9m6GpMibH1geSEoN8VMQ.txt,1,32,31,1.0,0.561401,0.607300,0.022217,0.039795
val,mtsd__train__1V8bxnVcrdDWg_1urqVTJA.txt,1,32,31,1.0,0.393066,0.344116,0.026855,0.032471
val,mtsd__train__24cmAhf_Hb5xITbuQZyq4w.txt,3,32,31,1.0,0.729248,0.623657,0.013184,0.024170
val,mtsd__train__2xzWrDbaGCDD-L54YsKofQ.txt,1,32,31,0.9999,0.832275,0.528076,0.012695,0.021484
val,mtsd__train__6Ng0_78WfLz8-dgyGyp6wA.txt,1,32,31,0.9999,0.626953,0.551025,0.013672,0.018555
val,mtsd__train__6o-3UX_mifStTPeLrNCi8g.txt,1,32,31,1.0,0.757935,0.516602,0.041260,0.048340
val,mtsd__train__9sBbs9soqP8LD5xRLEIDng.txt,1,32,31,0.9999,0.605225,0.623291,0.017578,0.023438
val,mtsd__train____xaqDe9h8QfOyxTt0224Q.txt,1,32,31,0.9999,0.548340,0.723022,0.013184,0.028564
val,mtsd__train___uREqcDsZx24DooG5We6Yg.txt,1,32,31,1.0,0.209961,0.388550,0.083984,0.110107
val,mtsd__train__Bo4ceA71F-UN8j_TkH_ayA.txt,1,32,31,1.0,0.827271,0.547119,0.041260,0.079102
val,mtsd__train__bPJbdKOyO5E7mkItC2RMvQ.txt,2,32,31,1.0,0.716553,0.547363,0.046875,0.061035
val,mtsd__train__bQKzDQNctm5S37sNlyGhCw.txt,1,32,31,1.0,0.353027,0.589355,0.025391,0.056152
val,mtsd__train__CuMPzqJhBB_Qlfi4EItZ7A.txt,2,32,31,1.0,0.650757,0.587402,0.021240,0.041016
val,mtsd__train__e1yYPOBVIBPH6Op7o9tsvA.txt,5,32,31,0.9999,0.127197,0.665771,0.016113,0.020020
val,mtsd__train__eP1WqYUvGeytToIW2h9GJA.txt,3,32,31,1.0,0.078735,0.449707,0.038330,0.140625
val,mtsd__train__F0zB5ZejDbASyKdb5_2y2A.txt,4,32,31,1.0,0.401245,0.538818,0.015381,0.027832
val,mtsd__train__G_58BhePJ7Wf557dqm9Tqg.txt,2,32,31,1.0,0.405640,0.192627,0.087646,0.270508
val,mtsd__train__gbHoru4bJu7AKDZsHlMhRQ.txt,1,32,31,1.0,0.845825,0.497070,0.076416,0.094238
val,mtsd__train__hel5ufMjGuiAigegyo_N1w.txt,2,32,31,1.0,0.666626,0.398438,0.017334,0.059570
val,mtsd__train__HkJNWVEDmzsucjB4PKlqOw.txt,7,32,31,1.0,0.335327,0.418945,0.020264,0.026367
val,mtsd__train__hxjcWGBPpZTDHv_y4NnmHQ.txt,1,32,31,1.0,0.622559,0.596191,0.030273,0.041016
val,mtsd__train__i9_n-nilMNrT9zwwhOpiXQ.txt,2,32,31,1.0,0.958252,0.329346,0.082520,0.128906
val,mtsd__train__iPRCGlpAMRB59FYktvPqCQ.txt,1,32,31,0.9999,0.587524,0.542603,0.013428,0.038818
val,mtsd__train__IYfU1Q0myOFGoBg3a0Y8Nw.txt,3,32,31,0.9999,0.263550,0.481445,0.014404,0.021484
val,mtsd__train__j8kn-qcLpiY5eCakBZap4A.txt,1,32,31,1.0,0.577759,0.525146,0.024658,0.033203
val,mtsd__train__jSeHWmRxtzES2q_zNZ7xPQ.txt,2,32,31,1.0,0.698120,0.466553,0.022217,0.040527
val,mtsd__train__jWwjF8h-BG5G2nYsdCgJtw.txt,1,32,31,1.0,0.416138,0.455444,0.022705,0.060791
val,mtsd__train__kkkSMiduI4G8CQ7qDCLFiA.txt,1,32,31,1.0,0.103394,0.392212,0.076416,0.091064
val,mtsd__train__kkkSMiduI4G8CQ7qDCLFiA.txt,2,32,31,1.0,0.669312,0.383179,0.072510,0.089600
val,mtsd__train__l9IcwjPXh1peLYfgn6CBJg.txt,1,32,31,1.0,0.221313,0.334229,0.047119,0.084473
val,mtsd__train__M7uoZl6pBlo1RPVLLp87qA.txt,1,32,31,1.0,0.722046,0.749390,0.020264,0.028564
val,mtsd__train__MoF00pB9J6fZwooJxEviDw.txt,4,32,31,0.9999,0.750610,0.501221,0.015869,0.032715
val,mtsd__train__mq2EcSXsHjhoKPHJqNl35g.txt,1,32,31,0.9999,0.988647,0.448608,0.022217,0.037354
val,mtsd__train__nKsbIuuVYF-wnwmG5cl1uA.txt,1,32,31,1.0,0.909790,0.310303,0.074463,0.094238
val,mtsd__train__Nzsqc8F6UnRZYPtyveUR7g.txt,1,32,31,0.9999,0.615356,0.439209,0.017822,0.024414
val,mtsd__train__O-nXuG54GpKI79q5pZYfHw.txt,2,32,31,1.0,0.254761,0.516479,0.026611,0.034912
val,mtsd__train__OCvini3NV_hGiw9k2_2JmQ.txt,3,32,31,0.9999,0.709229,0.622681,0.016602,0.030518
val,mtsd__train__OCvini3NV_hGiw9k2_2JmQ.txt,4,32,31,1.0,0.473511,0.611450,0.015381,0.027588
val,mtsd__train__PHlxWGDTilCF8HsXdWV0zA.txt,1,32,31,1.0,0.015747,0.504028,0.024658,0.053955
val,mtsd__train__PLDt2LHwpbomdMxRNxiT4Q.txt,1,32,31,1.0,0.893311,0.531250,0.023926,0.077148
val,mtsd__train__QBp6lJxuAgVtQ8l5szN_IQ.txt,1,32,31,0.9999,0.875610,0.569580,0.016846,0.033691
val,mtsd__train__rlFa-2jJiofqJXgtuF1BHQ.txt,2,32,31,1.0,0.926270,0.511597,0.037598,0.069092
val,mtsd__train__RnkarLJUr2XEBII3CQMXgA.txt,6,32,31,1.0,0.057617,0.703369,0.014160,0.020996
val,mtsd__train__soWM6da7vML5FD00QqnJUQ.txt,1,32,31,1.0,0.961548,0.537109,0.076416,0.098633
val,mtsd__train__thoYTtcFXToy2QeYmrGWrQ.txt,2,32,31,0.9999,0.653564,0.522827,0.015137,0.030029
val,mtsd__train__ueAxoGhalIeHTDrBnTLrqA.txt,1,32,31,1.0,0.577271,0.397217,0.042236,0.057129
val,mtsd__train__v2WpUC8WQL2wYBXM_356Gg.txt,3,32,31,0.9999,0.862305,0.497192,0.018555,0.038818
val,mtsd__train__v2WpUC8WQL2wYBXM_356Gg.txt,4,32,31,1.0,0.786987,0.493408,0.018799,0.042480
val,mtsd__train__WtNSaocilasUzvX_e0G0sA.txt,3,32,31,1.0,0.861938,0.514038,0.034424,0.062744
val,mtsd__train__X2bbjONUB9R_TjKTzf_XLw.txt,3,32,31,1.0,0.781494,0.255005,0.057617,0.073975
val,mtsd__val__bQqpbUDBP1cDN56f2EgeTA.txt,1,32,31,1.0,0.484131,0.495972,0.017090,0.030029
val,mtsd__val__E64fvjDs4Eex-A1bGlU5Xg.txt,2,32,31,1.0,0.521240,0.438965,0.015625,0.026855
val,mtsd__val__LfY9Gcwln6hINMqkqFuxvA.txt,1,32,31,1.0,0.328125,0.486572,0.019043,0.024414
val,mtsd__val__nBFch6AlQhEtFqNdTeVekg.txt,3,32,31,1.0,0.927734,0.309448,0.042969,0.071533
val,mtsd__val__OvxvepStLouitEENKUFypw.txt,2,32,31,1.0,0.072632,0.363892,0.041260,0.063721
val,mtsd__val__OvxvepStLouitEENKUFypw.txt,4,32,31,1.0,0.631226,0.310791,0.048096,0.075684
val,mtsd__val__QN6TW0imS0VPez2zbHB-MA.txt,1,32,31,1.0,0.656494,0.383789,0.038574,0.057129
val,mtsd__val__ZP0c0QfrrPuhk5qrEeM7Zg.txt,1,32,31,1.0,0.729004,0.545166,0.014648,0.018555
