time,temp_c,ext5v_v,throttled,arm_hz
19:57:14,47.2,5
4.92986000,0x50000,1500022656
19:57:15,47.7,5
4.93656000,0x50000,2400027136
19:57:16,48.8,5
4.94058000,0x50000,2400030464
19:57:18,47.7,5
4.94192000,0x50000,2400020480
19:57:19,48.3,5
4.93656000,0x50000,2400023808
19:57:20,47.7,5
4.99552000,0x50000,1500019456
19:57:21,47.2,5
4.97944000,0x50000,1500019456
19:57:22,47.2,5
4.98078000,0x50000,1500022656
19:57:23,47.7,5
4.95934000,0x50000,2400023808
19:57:24,47.7,5
4.95800000,0x50000,2400037120
19:57:25,48.8,5
4.94326000,0x50000,2400023808
19:57:26,47.7,5
4.93924000,0x50000,2400037120
19:57:27,48.3,5
4.95800000,0x50000,2400030464
19:57:28,47.7,5
4.99686000,0x50000,1500019456
19:57:29,47.2,5
4.97140000,0x50000,1500016128
19:57:30,46.6,5
4.98346000,0x50000,1500012800
19:57:31,47.2,5
4.97676000,0x50000,1500016128
19:57:32,46.6,5
4.99150000,0x50000,1500022656
19:57:33,47.2,5
4.99954000,0x50000,1500016128
19:57:34,46.6,5
4.99552000,0x50000,1500012800
19:57:35,46.6,5
5.00088000,0x50000,1500019456
19:57:36,46.6,5
4.99820000,0x50000,1500019456
19:57:37,47.2,5
4.99552000,0x50000,1500022656
19:57:38,47.7,5
4.99820000,0x50000,1500019456
19:57:39,46.6,5
4.98480000,0x50000,1500019456
19:57:40,47.2,5
4.99954000,0x50000,1500022656
19:57:41,47.7,5
4.99418000,0x50000,1500016128
19:57:42,46.6,5
4.99552000,0x50000,1500019456
19:57:43,46.1,5
4.99418000,0x50000,1500016128
19:57:44,46.1,5
4.99820000,0x50000,1500016128
19:57:45,45.5,5
4.99820000,0x50000,1500019456
19:57:46,46.1,5
4.99418000,0x50000,1500016128
19:57:47,46.6,5
4.99820000,0x50000,1500022656
19:57:48,46.6,5
5.00088000,0x50000,1500012800
19:57:49,47.2,5
4.99954000,0x50000,1500022656
19:57:50,46.6,5
5.00088000,0x50000,1500016128
19:57:51,46.1,5
4.99820000,0x50000,1500016128
19:57:52,46.1,5
4.97944000,0x50000,1500016128
19:57:53,46.1,5
4.98480000,0x50000,1500016128
19:57:54,46.6,5
4.97676000,0x50000,1500016128
19:57:55,46.1,5
4.98212000,0x50000,1500016128
19:57:56,46.6,5
5.00088000,0x50000,1500016128
19:57:57,47.2,5
4.99820000,0x50000,1500019456
19:57:58,46.1,5
4.97944000,0x50000,1500019456
19:57:59,47.2,5
4.98212000,0x50000,1500016128
19:58:01,46.6,5
5.00088000,0x50000,1500016128
19:58:02,46.6,5
4.99552000,0x50000,1500022656
19:58:03,46.1,5
4.99954000,0x50000,1500019456
19:58:04,45.5,5
4.99686000,0x50000,1500016128
19:58:05,46.6,5
4.99686000,0x50000,1500019456
19:58:06,47.2,5
4.99820000,0x50000,1500022656
19:58:07,46.6,5
4.96604000,0x50000,1500016128
19:58:08,47.2,5
4.97810000,0x50000,1500012800
19:58:09,46.6,5
5.00088000,0x50000,1500019456
19:58:10,46.6,5
4.99552000,0x50000,1500019456
19:58:11,45.5,5
4.99820000,0x50000,1500019456
19:58:12,46.6,5
4.98480000,0x50000,1500022656
19:58:13,46.6,5
4.97408000,0x50000,1500012800
19:58:14,46.1,5
4.99954000,0x50000,1500022656
19:58:15,46.1,5
4.98346000,0x50000,1500012800
19:58:16,47.2,5
4.99820000,0x50000,1500016128
19:58:17,46.6,5
4.99820000,0x50000,1500019456
19:58:18,46.6,5
4.99552000,0x50000,1500016128
19:58:19,46.1,5
4.99954000,0x50000,1500016128
19:58:20,46.6,5
4.99954000,0x50000,1500016128
19:58:21,45.0,5
4.99552000,0x50000,1500022656
19:58:22,46.1,5
4.99820000,0x50000,1500016128
19:58:23,46.6,5
5.00222000,0x50000,1500019456
19:58:24,46.6,5
5.00088000,0x50000,1500012800
19:58:25,46.1,5
4.99820000,0x50000,1500022656
19:58:26,45.0,5
4.99954000,0x50000,1500016128
19:58:27,47.2,5
4.97408000,0x50000,1800018688
19:58:28,47.7,5
4.94996000,0x50000,2400033792
19:58:29,47.2,5
4.94996000,0x50000,2400027136
19:58:30,46.6,5
4.95800000,0x50000,2400030464
19:58:31,47.7,5
4.95532000,0x50000,2400033792
19:58:32,46.1,5
4.95264000,0x50000,2400027136
19:58:33,46.1,5
4.96068000,0x50000,1500019456
19:58:34,46.6,5
4.98480000,0x50000,1500016128
19:58:35,46.1,5
4.97408000,0x50000,1500016128
19:58:36,46.1,5
4.86822000,0x50000,2400020480
19:58:37,47.7,5
4.94326000,0x50000,2400023808
19:58:38,47.2,5
4.95666000,0x50000,2400037120
19:58:39,48.3,5
4.94728000,0x50000,2400027136
19:58:41,47.7,5
4.94460000,0x50000,2400023808
19:58:42,48.3,5
4.97810000,0x50000,1500019456
19:58:43,46.6,5
4.99820000,0x50000,1500022656
19:58:44,45.5,5
4.99686000,0x50000,1500019456
19:58:45,47.2,5
4.99552000,0x50000,1500016128
19:58:46,46.1,5
4.99686000,0x50000,1500019456
19:58:47,46.1,5
4.99686000,0x50000,1500022656
19:58:48,47.2,5
4.99552000,0x50000,1500016128
19:58:49,46.6,5
4.99284000,0x50000,1500012800
19:58:50,45.5,5
4.99686000,0x50000,1500022656
19:58:51,46.6,5
4.99954000,0x50000,1500016128
19:58:52,46.6,5
4.97140000,0x50000,1500022656
19:58:53,47.7,5
4.89904000,0x50000,2400023808
19:58:54,48.3,5
4.93120000,0x50000,2400037120
19:58:55,47.7,5
4.95532000,0x50000,2400030464
19:58:56,48.3,5
4.90574000,0x50000,2400020480
19:58:57,47.2,5
4.96872000,0x50000,1800022016
19:58:58,47.7,5
4.97676000,0x50000,1500019456
19:58:59,47.7,5
4.97408000,0x50000,1500016128
19:59:00,47.2,5
4.99686000,0x50000,1500022656
19:59:01,47.7,5
4.95800000,0x50000,1500019456
19:59:02,46.6,5
4.98614000,0x50000,1500019456
19:59:03,46.6,5
4.99418000,0x50000,1500019456
19:59:04,46.6,5
4.95130000,0x50000,1500022656
19:59:05,46.6,5
4.99418000,0x50000,1500016128
19:59:06,46.6,5
4.99150000,0x50000,1500012800
19:59:07,46.6,5
4.99284000,0x50000,1500012800
19:59:08,45.5,5
4.97408000,0x50000,1500022656
19:59:09,45.5,5
4.94460000,0x50000,1500012800
19:59:10,45.5,5
4.95130000,0x50000,1500022656
19:59:11,46.6,5
4.99418000,0x50000,1500016128
19:59:12,45.5,5
4.99284000,0x50000,1500022656
19:59:13,45.5,5
4.99016000,0x50000,1500016128
19:59:14,46.6,5
4.97542000,0x50000,1500019456
19:59:15,46.6,5
4.98212000,0x50000,1500022656
19:59:16,46.6,5
4.97676000,0x50000,1500012800
19:59:17,47.2,5
4.94058000,0x50000,1500019456
19:59:18,46.1,5
4.97944000,0x50000,1500019456
19:59:19,47.2,5
4.97408000,0x50000,1500016128
19:59:20,45.5,5
4.99284000,0x50000,1500022656
19:59:22,46.6,5
4.98480000,0x50000,1500019456
19:59:23,48.3,5
4.88564000,0x50000,2400023808
19:59:24,48.3,5
4.94326000,0x50000,2400023808
19:59:25,47.2,5
4.94058000,0x50000,2400023808
19:59:26,48.3,5
4.89368000,0x50000,2400023808
19:59:27,48.3,5
4.90708000,0x50000,2400030464
19:59:28,47.7,5
4.97676000,0x50000,1500012800
19:59:29,47.2,5
4.97810000,0x50000,1500019456
19:59:30,47.2,5
4.95934000,0x50000,1500019456
19:59:31,46.1,5
4.96068000,0x50000,1500019456
19:59:32,47.2,5
4.99418000,0x50000,1500019456
19:59:33,46.1,5
4.99552000,0x50000,1500022656
19:59:34,47.2,5
4.99284000,0x50000,1500016128
19:59:35,46.1,5
4.96202000,0x50000,1500019456
19:59:36,45.5,5
4.99284000,0x50000,1500022656
19:59:37,46.6,5
4.99284000,0x50000,1500022656
19:59:38,45.5,5
4.98882000,0x50000,1500019456
19:59:39,47.2,5
4.96068000,0x50000,1500022656
19:59:40,46.6,5
4.96202000,0x50000,1500016128
19:59:41,47.2,5
4.99284000,0x50000,1500022656
19:59:42,46.1,5
4.97274000,0x50000,1500022656
19:59:43,46.6,5
4.96068000,0x50000,1500022656
19:59:44,47.2,5
4.99284000,0x50000,1500016128
19:59:45,47.2,5
4.99552000,0x50000,1500022656
19:59:46,45.0,5
4.95264000,0x50000,1500019456
19:59:47,45.5,5
4.95934000,0x50000,1500019456
19:59:48,46.6,5
4.99418000,0x50000,1500012800
19:59:49,47.2,5
4.99284000,0x50000,1500022656
19:59:50,45.5,5
4.97408000,0x50000,1500016128
19:59:51,46.6,5
4.96336000,0x50000,1500019456
19:59:52,48.3,5
4.92048000,0x50000,2400023808
19:59:53,47.7,5
4.95398000,0x50000,2400033792
19:59:54,47.7,5
4.91914000,0x50000,2400020480
19:59:55,48.8,5
4.89100000,0x50000,2400037120
19:59:56,48.3,5
4.94996000,0x50000,2400027136
19:59:57,47.2,5
4.97542000,0x50000,1500016128
19:59:58,47.2,5
5.00088000,0x50000,1500016128
19:59:59,47.2,5
5.00624000,0x50000,1500019456
20:00:00,46.6,5
4.96604000,0x50000,1700024448
20:00:01,47.2,5
4.99150000,0x50000,1500012800
20:00:02,46.6,5
4.99150000,0x50000,1500016128
20:00:04,46.6,5
5.00088000,0x50000,1500016128
20:00:05,47.2,5
4.93120000,0x50000,2400033792
20:00:06,47.7,5
4.95800000,0x50000,2400020480
20:00:07,48.3,5
4.95264000,0x50000,2400023808
20:00:08,47.2,5
4.96872000,0x50000,2400033792
20:00:09,46.6,5
4.93120000,0x50000,2400020480
20:00:10,47.2,5
5.00624000,0x50000,1500022656
20:00:11,46.1,5
4.98748000,0x50000,1500016128
20:00:12,47.2,5
4.98882000,0x50000,1500019456
20:00:13,45.5,5
4.98882000,0x50000,1500019456
20:00:14,46.6,5
4.93388000,0x50000,2400023808
20:00:15,47.7,5
4.94996000,0x50000,2400020480
20:00:16,47.2,5
4.94192000,0x50000,2400023808
20:00:17,47.7,5
4.96872000,0x50000,2400023808
20:00:18,49.4,5
4.90708000,0x50000,2400020480
