host_ns,esp_ms,fwd_mm,down_mm,fwd_ok,down_ok,ground_mm
7283971473691,714,-1,-1,1,0,-1
7284031480716,770,93,-1,1,0,-1
7284081472585,820,95,-1,1,0,-1
7284531645310,870,96,-1,1,0,-1
7284531645310,930,95,-1,1,0,-1
7284531645310,985,95,-1,1,0,-1
7284531645310,1035,93,-1,1,0,-1
7284531645310,1085,93,-1,1,0,-1
7284531645310,1135,93,-1,1,0,-1
7284531645310,1185,94,-1,1,0,-1
7284531645310,1235,95,-1,1,0,-1
7284546559303,1285,95,-1,1,0,-1
7284596565431,1335,95,-1,1,0,-1
7284646563115,1385,95,-1,1,0,-1
7284696567409,1435,96,-1,1,0,-1
7284746562148,1485,95,-1,1,0,-1
7284796571665,1535,94,-1,1,0,-1
7284846571478,1585,95,-1,1,0,-1
7284896577255,1635,94,-1,1,0,-1
7284946561160,1685,94,-1,1,0,-1
7284996572825,1735,95,-1,1,0,-1
7285046576102,1785,94,-1,1,0,-1
7285096563248,1835,94,-1,1,0,-1
7285146574468,1885,94,-1,1,0,-1
7285196567189,1935,94,-1,1,0,-1
7285246572409,1985,94,-1,1,0,-1
7285296557574,2036,94,-1,1,0,-1
7285356561579,2095,95,-1,1,0,-1
7285406572947,2145,95,-1,1,0,-1
7285456571853,2195,95,-1,1,0,-1
7285506575758,2245,94,-1,1,0,-1
7285556561756,2295,93,-1,1,0,-1
7285606574124,2345,93,-1,1,0,-1
7285656567548,2395,95,-1,1,0,-1
7285706574139,2445,93,-1,1,0,-1
7285756672859,2495,93,-1,1,0,-1
7285806580154,2545,93,-1,1,0,-1
7285856565059,2595,93,-1,1,0,-1
7285906579205,2645,94,-1,1,0,-1
7285956565870,2695,94,-1,1,0,-1
7286006577609,2745,94,-1,1,0,-1
7286056579847,2795,94,-1,1,0,-1
7286106578734,2845,96,-1,1,0,-1
7286156568602,2895,96,-1,1,0,-1
7286206582230,2945,95,-1,1,0,-1
7286256566968,2995,95,-1,1,0,-1
7286301553851,3045,96,-1,1,0,-1
7286361575578,3100,96,-1,1,0,-1
7286411579965,3150,93,-1,1,0,-1
7286461571981,3200,93,-1,1,0,-1
7286511572478,3250,94,-1,1,0,-1
7286561569143,3300,95,-1,1,0,-1
7286611581992,3350,94,-1,1,0,-1
7286661570305,3400,94,-1,1,0,-1
7286711584636,3450,94,-1,1,0,-1
7286761576782,3500,95,-1,1,0,-1
7286811582501,3550,95,-1,1,0,-1
7286861579536,3600,94,-1,1,0,-1
7286911569719,3650,94,-1,1,0,-1
7286961580235,3700,94,-1,1,0,-1
7287011584677,3750,94,-1,1,0,-1
7287061573101,3800,94,-1,1,0,-1
7287111575765,3850,94,-1,1,0,-1
7287161576911,3900,94,-1,1,0,-1
7287211587278,3950,92,-1,1,0,-1
7287261587905,4000,93,-1,1,0,-1
7287306556862,4050,95,-1,1,0,-1
7287366575792,4105,95,-1,1,0,-1
7287416572142,4155,98,-1,1,0,-1
7287466574972,4205,95,-1,1,0,-1
7287516579877,4255,94,-1,1,0,-1
7287566581819,4305,94,-1,1,0,-1
7287616586946,4355,94,-1,1,0,-1
7287666574924,4405,94,-1,1,0,-1
7287716576199,4455,94,-1,1,0,-1
7287766580363,4505,94,-1,1,0,-1
7287816583583,4555,94,-1,1,0,-1
7287866585321,4605,94,-1,1,0,-1
7287916609874,4655,94,-1,1,0,-1
7287966602538,4705,93,-1,1,0,-1
7288016591739,4755,94,-1,1,0,-1
7288066607310,4805,95,-1,1,0,-1
7288116613900,4855,93,-1,1,0,-1
7288166602193,4905,96,-1,1,0,-1
7288216609487,4955,96,-1,1,0,-1
7288266598447,5005,94,-1,1,0,-1
7288311572311,5055,93,-1,1,0,-1
7288371608147,5110,93,-1,1,0,-1
7288421606256,5160,93,-1,1,0,-1
7288471594975,5210,93,-1,1,0,-1
7288521611583,5260,94,-1,1,0,-1
7288571613024,5310,94,-1,1,0,-1
7288621589669,5360,94,-1,1,0,-1
7288671603889,5410,94,-1,1,0,-1
7288721609737,5460,95,-1,1,0,-1
7288771613753,5510,93,-1,1,0,-1
7288821609435,5560,96,-1,1,0,-1
7288871610747,5610,95,-1,1,0,-1
7288921599707,5660,95,-1,1,0,-1
7288971610444,5710,94,-1,1,0,-1
7289021606404,5760,94,-1,1,0,-1
7289071596512,5810,96,-1,1,0,-1
7289121611824,5860,94,-1,1,0,-1
7289171613987,5910,94,-1,1,0,-1
7289221598428,5960,95,-1,1,0,-1
7289271597777,6010,94,-1,1,0,-1
7289321587644,6061,94,-1,1,0,-1
7289381602407,6120,95,-1,1,0,-1
7289431616403,6170,95,-1,1,0,-1
7289481598548,6220,94,-1,1,0,-1
7289531606859,6270,93,-1,1,0,-1
7289581610763,6320,96,-1,1,0,-1
7289631613871,6370,96,-1,1,0,-1
7289681602590,6420,94,-1,1,0,-1
7289731612494,6470,95,-1,1,0,-1
7289781617676,6520,95,-1,1,0,-1
7289831601135,6570,94,-1,1,0,-1
7289881616298,6620,94,-1,1,0,-1
7289931617721,6670,93,-1,1,0,-1
7289981615347,6720,93,-1,1,0,-1
7290031625084,6770,95,-1,1,0,-1
7290081602378,6820,95,-1,1,0,-1
7290131598763,6870,96,-1,1,0,-1
7290181617574,6920,96,-1,1,0,-1
7290231614496,6970,94,-1,1,0,-1
7290281603215,7020,94,-1,1,0,-1
7290331596841,7071,96,-1,1,0,-1
7290391607177,7130,94,-1,1,0,-1
7290441597988,7180,93,-1,1,0,-1
7290491602095,7230,93,-1,1,0,-1
7290541618369,7280,95,-1,1,0,-1
7290591615717,7330,93,-1,1,0,-1
7290641618010,7380,94,-1,1,0,-1
7290691609784,7430,95,-1,1,0,-1
7290741601651,7480,95,-1,1,0,-1
7290791624332,7530,94,-1,1,0,-1
7290841619513,7580,94,-1,1,0,-1
7290891623491,7630,95,-1,1,0,-1
7290941620580,7680,94,-1,1,0,-1
7290991617113,7730,93,-1,1,0,-1
7291041605961,7780,93,-1,1,0,-1
7291091607439,7830,93,-1,1,0,-1
7291141621843,7880,94,-1,1,0,-1
7291191622709,7930,95,-1,1,0,-1
7291241620445,7980,93,-1,1,0,-1
7291291608404,8030,93,-1,1,0,-1
7291336596082,8080,93,-1,1,0,-1
7291396612214,8135,97,-1,1,0,-1
7291446629932,8185,96,-1,1,0,-1
7291496630095,8235,96,-1,1,0,-1
7291546613128,8285,95,-1,1,0,-1
7291596627809,8335,95,-1,1,0,-1
7291646610527,8385,94,-1,1,0,-1
7291696611430,8435,94,-1,1,0,-1
7291746633315,8485,94,-1,1,0,-1
7291796626607,8535,94,-1,1,0,-1
7291846611844,8585,94,-1,1,0,-1
7291896626358,8635,93,-1,1,0,-1
7291946615965,8685,94,-1,1,0,-1
7291996629832,8735,94,-1,1,0,-1
7292046627920,8785,95,-1,1,0,-1
7292096630749,8835,95,-1,1,0,-1
7292146612968,8885,94,-1,1,0,-1
7292196628870,8935,95,-1,1,0,-1
7292246612125,8985,96,-1,1,0,-1
7292296613010,9035,96,-1,1,0,-1
7292341598169,9085,93,-1,1,0,-1
7292401622115,9140,95,-1,1,0,-1
7292451612648,9190,95,-1,1,0,-1
7292501615310,9240,93,-1,1,0,-1
7292551615935,9290,95,-1,1,0,-1
7292601630708,9340,95,-1,1,0,-1
7292651631574,9390,94,-1,1,0,-1
7292701633255,9440,94,-1,1,0,-1
7292751617251,9490,94,-1,1,0,-1
7292801625283,9540,94,-1,1,0,-1
7292851616927,9590,94,-1,1,0,-1
7292901632034,9640,94,-1,1,0,-1
7292951629400,9690,94,-1,1,0,-1
7293001629932,9740,94,-1,1,0,-1
7293051628816,9790,94,-1,1,0,-1
7293101618294,9840,94,-1,1,0,-1
7293151616844,9890,95,-1,1,0,-1
7293201627099,9940,94,-1,1,0,-1
7293251631631,9990,94,-1,1,0,-1
7293301719941,10040,95,-1,1,0,-1
7293346691710,10090,94,-1,1,0,-1
7293406714267,10145,94,-1,1,0,-1
7293456710244,10195,95,-1,1,0,-1
7293506703999,10245,96,-1,1,0,-1
7293556726049,10295,96,-1,1,0,-1
7293606726211,10345,97,-1,1,0,-1
7293656709188,10395,94,-1,1,0,-1
7293706717479,10445,94,-1,1,0,-1
7293756706771,10495,94,-1,1,0,-1
7293806724822,10545,93,-1,1,0,-1
7293856727557,10595,94,-1,1,0,-1
7293906724145,10645,97,-1,1,0,-1
7293956715122,10695,97,-1,1,0,-1
7294006723358,10745,95,-1,1,0,-1
7294056713149,10795,95,-1,1,0,-1
7294106712663,10845,95,-1,1,0,-1
7294156722343,10895,96,-1,1,0,-1
7294206725523,10945,96,-1,1,0,-1
7294256715963,10995,94,-1,1,0,-1
7294306711383,11045,94,-1,1,0,-1
7294356705749,11096,96,-1,1,0,-1
7294416718176,11155,95,-1,1,0,-1
7294466728726,11205,95,-1,1,0,-1
7294516728850,11255,95,-1,1,0,-1
7294566714771,11305,96,-1,1,0,-1
7294616722933,11355,95,-1,1,0,-1
7294666714039,11405,94,-1,1,0,-1
7294716718200,11455,94,-1,1,0,-1
7294766726917,11505,95,-1,1,0,-1
7294816729875,11555,96,-1,1,0,-1
7294866734536,11605,94,-1,1,0,-1
7294916714883,11655,93,-1,1,0,-1
7294966734730,11705,95,-1,1,0,-1
7295016727021,11755,95,-1,1,0,-1
7295066727090,11805,95,-1,1,0,-1
