time,mono_s,phase,temp_c,ext5v_v,throttled,arm_hz,pmic_w,load1,gw_ping_ms,detect_cpu
21:36:25,601.96,start,45.5,4.89636000,0x50000,2400030464,4.897,0.20,8.88,-
21:36:26,603.05,service,46.1,4.92852000,0x50000,2400023808,2.419,0.20,25.6,0.01
21:36:27,604.12,service,46.6,4.87090000,0x50000,2400030464,2.411,0.20,6.05,0.00
21:36:28,605.19,service,46.1,4.89368000,0x50000,2400027136,2.383,0.20,4.54,0.01
21:36:30,606.26,service,47.7,4.89368000,0x50000,2400023808,2.370,0.18,4.84,0.00
21:36:31,607.33,service,46.6,4.91378000,0x50000,1700027648,2.031,0.18,4.60,0.00
21:36:32,608.41,service,46.6,4.86554000,0x50000,1600013696,2.983,0.18,7.17,0.01
21:36:33,609.48,service,46.1,4.85884000,0x50000,2400033792,2.525,0.18,4.40,0.00
21:36:34,610.54,service,47.7,4.88698000,0x50000,2400023808,3.941,0.25,4.35,0.00
21:36:35,611.60,service,45.5,4.84410000,0x50000,2400033792,2.965,0.25,5.13,0.01
21:36:36,612.67,service,47.7,4.91244000,0x50000,2400020480,2.654,0.25,5.71,0.01
21:36:37,613.74,service,47.2,4.89636000,0x50000,1600013696,1.967,0.25,5.31,0.01
21:36:38,614.89,service,46.6,4.94460000,0x50000,1500012800,2.137,0.25,6.17,0.00
21:36:39,615.96,service,46.1,4.94862000,0x50000,1700011264,2.109,0.23,4.58,0.00
21:36:40,617.03,service,47.2,4.92584000,0x50000,2400037120,2.373,0.23,4.56,0.01
21:36:41,618.09,service,47.2,4.93120000,0x50000,2400023808,2.428,0.23,3.50,0.00
21:36:42,619.16,service,46.1,4.92986000,0x50000,2400020480,2.423,0.23,4.24,0.00
21:36:44,620.25,service,47.7,4.93120000,0x50000,2400027136,2.445,0.23,33.1,0.00
21:36:45,621.32,service,47.7,4.92852000,0x50000,2400037120,2.358,0.21,5.11,0.01
21:36:46,622.39,service,46.6,4.88832000,0x50000,1600020224,2.532,0.21,4.09,0.01
21:36:47,623.46,service,47.7,4.89234000,0x50000,2400027136,2.340,0.21,6.17,0.01
21:36:48,624.52,service,47.7,4.89234000,0x50000,2400023808,2.381,0.21,4.84,0.00
21:36:49,625.59,service,46.6,4.89100000,0x50000,2400037120,2.395,0.19,5.01,0.00
21:36:50,626.65,service,46.1,4.89636000,0x50000,2400023808,2.432,0.19,5.69,0.00
21:36:51,627.72,service,47.2,4.88162000,0x50000,2400023808,2.606,0.19,6.55,0.01
21:36:52,628.79,service,46.6,4.92986000,0x50000,1700017792,3.432,0.19,3.46,0.00
21:36:53,629.87,service,47.2,4.92048000,0x50000,1600026880,2.002,0.19,5.64,0.00
21:36:54,630.94,service,46.1,4.87894000,0x50000,1600013696,2.379,0.18,4.43,0.02
21:36:55,632.01,service,46.6,4.93656000,0x50000,1600017024,2.392,0.18,4.76,0.00
21:36:56,633.09,service,45.0,4.93120000,0x50000,1600023552,2.550,0.18,8.66,0.02
21:36:57,634.19,service,47.2,4.94862000,0x50000,1600017024,2.084,0.18,30.3,0.00
21:36:59,635.26,service,45.0,4.91110000,0x50000,1600023552,2.019,0.18,5.03,0.00
21:37:00,636.34,service,46.6,4.93120000,0x50000,1500022656,2.671,0.32,5.93,0.01
21:37:01,637.41,service,46.6,4.90708000,0x50000,1600017024,2.600,0.32,4.78,0.00
21:37:02,638.50,service,46.1,4.95264000,0x50000,2400037120,2.358,0.32,4.17,0.00
21:37:03,639.58,service,46.6,4.93388000,0x50000,2400030464,2.336,0.32,5.18,0.01
21:37:04,640.64,service,47.7,4.93120000,0x50000,2400030464,2.346,0.30,4.27,0.00
21:37:05,641.71,service,47.7,4.92986000,0x50000,2400030464,2.353,0.30,4.24,0.01
21:37:06,642.78,service,47.7,4.92852000,0x50000,2400020480,2.368,0.30,4.46,0.01
21:37:07,643.85,service,46.1,4.95264000,0x50000,1700021120,1.978,0.30,4.81,0.00
21:37:08,644.92,service,46.6,4.91646000,0x50000,1600023552,2.053,0.30,4.46,0.02
21:37:09,646.00,service,46.6,4.82132000,0x50000,1500022656,2.009,0.27,4.08,0.00
21:37:10,647.07,service,45.5,4.86688000,0x50000,1600017024,2.884,0.27,4.52,0.01
21:37:11,648.18,service,45.5,4.90842000,0x50000,1600023552,2.458,0.27,41.9,0.00
21:37:13,649.26,service,46.6,4.91110000,0x50000,1500012800,2.036,0.27,4.73,0.00
21:37:14,650.33,service,45.0,4.93790000,0x50000,1700014464,1.957,0.27,4.68,0.01
21:37:15,651.40,service,46.1,4.86688000,0x50000,1600020224,2.631,0.33,4.82,0.00
21:37:16,652.49,service,46.1,4.93924000,0x50000,1900029440,2.628,0.33,1.21,0.01
21:37:17,653.55,service,47.2,4.92584000,0x50000,2400037120,3.573,0.33,1.96,0.00
21:37:18,654.64,service,47.2,4.92718000,0x50000,2400023808,2.501,0.33,28.9,0.01
21:37:19,655.71,service,48.3,4.92584000,0x50000,2400033792,2.457,0.31,4.55,0.00
21:37:20,656.77,service,47.2,4.88698000,0x50000,2400033792,2.450,0.31,4.93,0.01
