metric,value,unit
hailo.identify,OK,
hailo.benchmark_fps,0.0,FPS
vision.report_lines_30s_fps15,0,lines
vision.report_lines_30s_fps30,0,lines
camera.effective_hfov_estimate,98.2,deg
camera.frame_interval_mean,66.66,ms
camera.frame_interval_stdev,0.001,ms
camera.exposure,66212,us
camera.analogue_gain,11.64,
esp32.rate_steady,19.87,Hz
esp32.interval_min,44.8,ms
esp32.interval_p50,50.0,ms
esp32.interval_p95,51.28,ms
esp32.interval_p99,60.03,ms
esp32.interval_max,60.14,ms
esp32.boot_first_report,857.8,ms
tof1.n,1152,samples
tof1.mean,90.34,mm
tof1.median,90.0,mm
tof1.stdev,1.04,mm
tof1.min,85,mm
tof1.max,93,mm
tof1.p95,92,mm
tof1.p99,93,mm
tof2.ok_rate,0.0,
power.undervoltage_events_boot,19,
power.ext5v_min_window,4.86822,V
power.temp_max_window,49.4,C
system.boot_time,9.394,s
audio.pulseaudio_starts_boot,134,
audio.audio_dead_events,89,
