id,class,val_images,val_boxes,precision,recall,mAP50,mAP50_95
0,person,11081,42734,0.762,0.762,0.807,0.557
1,child,872,1871,0.602,0.161,0.326,0.228
2,cyclist,154,292,0.656,0.359,0.394,0.246
3,motorcyclist,123,227,0.666,0.326,0.399,0.194
4,wheelchair,93,149,0.770,0.787,0.831,0.463
5,stroller,106,120,0.760,0.892,0.882,0.678
6,dog,851,1096,0.767,0.785,0.842,0.710
7,cat,516,627,0.783,0.833,0.866,0.705
8,bird,376,951,0.685,0.568,0.613,0.402
9,horse,423,899,0.751,0.740,0.804,0.614
10,cow,331,1140,0.750,0.615,0.700,0.484
11,sheep,205,1027,0.709,0.747,0.756,0.519
12,goat,122,230,0.683,0.580,0.636,0.484
13,camel,95,174,0.645,0.626,0.654,0.472
14,car,6835,28591,0.796,0.757,0.808,0.617
15,bus,1063,1509,0.765,0.666,0.735,0.621
16,truck,2012,2829,0.618,0.638,0.654,0.529
17,van,261,372,0.656,0.470,0.580,0.505
18,taxi,176,493,0.711,0.495,0.640,0.404
19,ambulance,26,37,0.658,0.486,0.525,0.476
20,motorcycle,1030,1908,0.738,0.702,0.752,0.516
21,bicycle,1022,1923,0.718,0.600,0.667,0.451
22,e-scooter,218,337,0.824,0.849,0.913,0.641
23,skateboard,266,428,0.747,0.654,0.701,0.464
24,train,410,519,0.817,0.798,0.849,0.660
25,golf cart,43,75,0.713,0.653,0.684,0.574
26,shopping cart,195,296,0.736,0.503,0.572,0.334
27,trailer,32,33,1.000,0.000,0.003,0.001
28,traffic light,1634,5205,0.714,0.668,0.714,0.472
29,pedestrian signal,580,920,0.586,0.211,0.284,0.144
30,crosswalk button,28,30,0.869,0.667,0.855,0.605
31,stop sign,144,167,0.675,0.665,0.693,0.598
32,traffic sign,4759,15489,0.650,0.538,0.568,0.385
33,crosswalk,1088,1975,0.684,0.161,0.217,0.101
34,street light,2028,4598,0.689,0.372,0.437,0.234
35,utility pole,981,3313,0.636,0.277,0.368,0.192
36,pole,2015,10298,0.671,0.231,0.323,0.173
37,yield sign,90,105,0.511,0.400,0.442,0.320
38,do not enter sign,40,45,0.701,0.244,0.334,0.249
39,one way sign,71,89,1.000,0.000,0.029,0.018
40,pedestrian crossing sign,160,204,0.435,0.454,0.438,0.333
41,speed limit sign,228,280,0.499,0.429,0.447,0.335
42,construction sign,39,50,1.000,0.068,0.267,0.189
43,sidewalk closed sign,13,14,0.479,0.857,0.834,0.528
44,bus stop sign,12,12,1.000,0.000,0.175,0.146
45,exit sign,91,137,0.323,0.620,0.521,0.282
46,wet floor sign,68,69,0.887,0.906,0.955,0.598
47,fire hydrant,281,313,0.736,0.604,0.673,0.530
48,parking meter,98,150,0.767,0.571,0.626,0.519
49,bench,800,1377,0.585,0.460,0.475,0.321
50,trash can,499,772,0.658,0.395,0.442,0.304
51,bike rack,64,130,1.000,0.000,0.038,0.016
52,mailbox,56,62,1.000,0.000,0.010,0.006
53,utility box,287,371,0.448,0.137,0.180,0.096
54,billboard,1310,3686,0.578,0.194,0.269,0.157
55,fountain,164,233,0.670,0.461,0.535,0.267
56,potted plant,1050,2792,0.615,0.633,0.633,0.422
57,barrel,77,255,0.574,0.745,0.688,0.530
58,traffic cone,156,362,0.660,0.552,0.588,0.332
59,bollard,225,799,0.647,0.448,0.500,0.260
60,sidewalk sign,58,108,0.387,0.398,0.333,0.213
61,kiosk,3,4,1.000,0.000,0.269,0.230
62,barrier,307,681,0.624,0.295,0.327,0.195
63,fence,1386,2914,0.597,0.088,0.142,0.071
64,ladder,91,112,0.699,0.768,0.822,0.618
65,tent,206,414,0.656,0.558,0.596,0.389
66,sculpture,212,426,0.611,0.495,0.524,0.311
67,pillar,3,3,1.000,0.000,0.000,0.000
68,curb,1860,7085,0.636,0.165,0.242,0.143
69,curb ramp,972,1904,0.319,0.003,0.023,0.008
70,stairs,325,399,0.677,0.526,0.596,0.449
71,escalator,23,40,0.491,0.600,0.528,0.347
72,ramp,186,306,0.468,0.294,0.315,0.228
73,pothole,284,790,0.583,0.509,0.503,0.220
74,manhole,635,1227,0.629,0.196,0.228,0.124
75,storm drain,373,552,0.576,0.101,0.142,0.061
76,sidewalk crack,18,21,0.052,0.048,0.018,0.005
77,speed bump,96,99,0.787,0.646,0.753,0.348
78,rail track,84,116,0.484,0.299,0.294,0.156
79,tactile paving,31,36,0.461,0.639,0.634,0.518
80,open hole,133,149,0.708,0.832,0.815,0.533
81,swimming pool,189,199,0.764,0.716,0.813,0.541
82,door,366,548,0.563,0.392,0.441,0.288
83,door handle,72,98,0.640,0.520,0.559,0.452
84,window,923,4896,0.596,0.354,0.404,0.240
85,building,4647,7706,0.629,0.421,0.495,0.352
86,elevator,45,63,0.732,0.825,0.888,0.686
87,atm,51,70,0.472,0.371,0.390,0.228
88,tree,4138,8547,0.675,0.522,0.609,0.490
89,palm tree,257,804,0.644,0.473,0.534,0.298
90,plant,585,2270,0.487,0.042,0.094,0.057
91,backpack,566,826,0.488,0.444,0.427,0.278
92,handbag,867,1263,0.529,0.439,0.458,0.329
93,suitcase,341,808,0.541,0.514,0.522,0.366
94,umbrella,531,1310,0.597,0.637,0.648,0.433
95,bottle,1137,3170,0.622,0.669,0.681,0.498
96,cup,1305,2751,0.671,0.667,0.699,0.584
97,box,189,472,0.536,0.450,0.457,0.312
98,plastic bag,62,116,0.379,0.586,0.498,0.406
99,tire,766,2307,0.690,0.453,0.529,0.397
100,ball,403,703,0.621,0.619,0.633,0.463
101,cell phone,527,708,0.643,0.658,0.674,0.533
102,glasses,499,849,0.766,0.488,0.586,0.346
103,book,778,4518,0.505,0.459,0.428,0.284
104,can,144,330,0.582,0.752,0.695,0.597
105,toy,240,1034,0.573,0.263,0.291,0.162
106,chair,2258,8011,0.657,0.625,0.671,0.451
107,couch,576,757,0.622,0.655,0.687,0.505
108,bed,570,677,0.720,0.795,0.820,0.605
109,table,2003,3061,0.624,0.482,0.549,0.380
110,desk,419,485,0.644,0.274,0.430,0.265
111,coffee table,255,530,0.573,0.379,0.427,0.265
112,nightstand,144,217,0.731,0.544,0.630,0.375
113,chest of drawers,228,301,0.710,0.422,0.543,0.457
114,wardrobe,32,37,0.567,0.405,0.430,0.289
115,toilet,289,417,0.715,0.743,0.789,0.579
116,sink,432,590,0.639,0.661,0.692,0.439
117,tv,787,1062,0.704,0.829,0.855,0.723
118,laptop,647,980,0.711,0.785,0.823,0.623
119,refrigerator,242,270,0.579,0.685,0.669,0.534
120,microwave,143,159,0.688,0.723,0.760,0.554
121,oven,247,316,0.558,0.579,0.604,0.441
122,stove,61,63,0.503,0.466,0.435,0.271
123,washing machine,36,86,0.665,0.686,0.774,0.552
124,bathtub,65,69,0.714,0.652,0.756,0.612
125,shower,30,37,0.866,0.216,0.289,0.163
126,shelf,348,1223,0.600,0.069,0.200,0.113
127,bookcase,242,389,0.754,0.542,0.613,0.386
128,stool,66,179,0.616,0.665,0.625,0.467
129,mirror,136,187,0.651,0.460,0.508,0.397
130,curtain,249,421,0.600,0.582,0.606,0.395
131,cabinet,356,1017,0.491,0.093,0.227,0.136
132,countertop,265,353,0.478,0.195,0.309,0.188
133,lamp,186,403,0.566,0.405,0.465,0.280
134,ceiling fan,61,72,0.718,0.764,0.759,0.552
135,pillow,182,512,0.584,0.514,0.537,0.355
136,clock,443,576,0.674,0.684,0.724,0.479
137,keyboard,396,557,0.675,0.790,0.790,0.625
138,mouse,262,317,0.617,0.759,0.772,0.635
139,remote,210,362,0.535,0.517,0.522,0.382
140,scissors,87,116,0.489,0.552,0.534,0.395
141,knife,368,575,0.518,0.520,0.492,0.371
142,fork,312,494,0.692,0.577,0.641,0.442
143,spoon,385,573,0.629,0.475,0.533,0.410
144,bowl,768,1462,0.653,0.678,0.707,0.557
145,plate,174,466,0.535,0.511,0.535,0.398
146,kettle,59,115,0.670,0.423,0.577,0.444
147,toothbrush,69,143,0.410,0.322,0.313,0.178
148,towel,27,61,0.400,0.230,0.281,0.198
149,banana,189,660,0.590,0.506,0.515,0.343
150,apple,245,993,0.607,0.617,0.637,0.496
151,orange,206,1329,0.600,0.646,0.628,0.425
