time,mono_s,phase,temp_c,ext5v_v,throttled,arm_hz,pmic_w,load1,gw_ping_ms,vision_lines_10s
21:29:40,196.57,start,41.7,4.88698000,0x50000,1600013696,3.173,0.51,25.8,0
21:29:41,197.63,idle,42.2,4.93924000,0x50000,2400033792,2.277,0.51,5.78,0
21:29:42,198.69,idle,41.1,4.93924000,0x50000,2400033792,2.303,0.51,4.29,0
21:29:43,199.75,idle,42.2,4.93924000,0x50000,2400023808,2.251,0.51,3.63,0
21:29:44,200.81,idle,42.2,4.94058000,0x50000,2400027136,2.214,0.55,5.00,0
21:29:46,202.71,idle,40.6,4.97810000,0x50000,1500019456,1.848,0.55,838,0
21:29:47,203.78,idle,41.1,4.93656000,0x50000,1600017024,2.374,0.55,4.32,0
21:29:48,204.84,idle,41.1,4.98212000,0x50000,1500012800,1.678,0.55,4.43,0
21:29:49,205.90,idle,41.1,4.94192000,0x50000,2400023808,2.191,0.51,4.33,0
21:29:50,206.96,idle,40.6,4.92986000,0x50000,2400037120,2.396,0.51,4.33,0
21:29:51,208.02,idle,41.7,4.94192000,0x50000,2400037120,2.200,0.51,4.53,0
21:29:52,209.08,idle,42.2,4.94460000,0x50000,2400030464,2.211,0.51,4.86,0
21:29:53,210.14,idle,41.7,4.93924000,0x50000,2400033792,2.226,0.51,5.67,0
21:29:54,211.20,idle,40.6,4.98212000,0x50000,1600013696,1.794,0.47,4.33,0
21:29:56,212.27,idle,41.1,4.98212000,0x50000,1600017024,1.821,0.47,4.22,0
21:29:57,213.34,idle,40.0,4.97944000,0x50000,1500016128,1.794,0.47,4.41,0
21:29:58,214.44,idle,40.6,4.98212000,0x50000,1500022656,1.834,0.47,38.8,0
21:29:59,215.50,idle,40.0,4.98212000,0x50000,1500016128,1.786,0.43,4.63,0
21:30:00,216.56,idle,42.2,4.94192000,0x50000,2400037120,2.228,0.43,1.04,0
21:30:01,217.62,idle,42.2,4.94460000,0x50000,2400023808,2.211,0.43,4.31,0
21:30:02,218.68,idle,40.6,4.94058000,0x50000,2400030464,2.197,0.43,1.21,0
21:30:03,219.73,idle,42.8,4.94058000,0x50000,2400020480,2.253,0.43,1.49,0
21:30:04,220.79,idle,42.8,4.92986000,0x50000,2400030464,2.403,0.39,4.03,0
21:30:05,221.86,idle,41.1,4.97810000,0x50000,1600020224,1.802,0.39,4.29,0
21:30:06,222.92,idle,41.1,4.98078000,0x50000,1500022656,1.810,0.39,4.26,0
21:30:07,223.99,idle,41.1,4.97676000,0x50000,1500022656,1.828,0.39,3.80,0
21:30:09,225.93,idle,42.2,4.94058000,0x50000,2400030464,2.201,0.36,885,0
21:30:10,226.99,idle,42.2,4.94058000,0x50000,2400020480,2.175,0.36,3.85,0
21:30:11,228.05,idle,41.7,4.94192000,0x50000,2400033792,2.179,0.36,4.49,0
21:30:13,230.11,idle,41.7,4.92986000,0x50000,1500012800,2.395,0.36,LOST,0
21:30:14,231.17,idle,42.2,4.93924000,0x50000,2400023808,2.207,0.33,5.97,0
21:30:15,232.23,idle,41.1,4.94192000,0x50000,2400033792,2.213,0.33,4.68,0
21:30:17,233.29,idle,42.8,4.94058000,0x50000,2400030464,2.196,0.33,4.33,0
21:30:18,234.51,idle,42.8,4.93924000,0x50000,2400023808,2.223,0.33,164,0
21:30:19,235.57,idle,42.2,4.97810000,0x50000,1500022656,1.824,0.31,6.00,0
21:30:20,236.64,idle,42.2,4.98212000,0x50000,2400033792,2.271,0.31,4.41,0
21:30:21,237.70,idle,42.2,4.94058000,0x50000,2400023808,2.203,0.31,4.23,0
21:30:22,238.76,idle,42.8,4.94192000,0x50000,2400030464,2.220,0.31,4.28,0
21:30:23,239.84,idle,42.2,4.94058000,0x50000,2400037120,2.210,0.31,23.1,0
21:30:24,240.89,idle,42.8,4.93924000,0x50000,2400023808,2.186,0.28,4.33,0
21:30:25,241.96,idle,41.7,4.98212000,0x50000,1600017024,1.824,0.28,4.46,0
21:30:26,243.02,idle,42.2,4.93924000,0x50000,2400023808,2.197,0.28,4.32,0
21:30:27,244.08,idle,42.8,4.94058000,0x50000,2400027136,2.228,0.28,4.35,0
21:30:28,245.14,idle,42.8,4.94058000,0x50000,2400020480,2.184,0.28,4.42,0
21:30:29,246.20,idle,41.7,4.94192000,0x50000,2400030464,2.215,0.26,4.40,0
21:30:31,247.26,idle,42.8,4.94192000,0x50000,2400037120,2.178,0.26,4.37,0
21:30:32,248.32,idle,41.1,4.97810000,0x50000,1500012800,1.836,0.26,4.32,0
21:30:33,249.39,idle,41.7,4.94058000,0x50000,2400027136,2.208,0.26,4.26,0
21:30:34,250.44,idle,41.7,4.93924000,0x50000,2400023808,2.207,0.24,3.32,0
21:30:35,251.50,idle,42.8,4.93924000,0x50000,2400030464,2.173,0.24,1.37,0
21:30:36,252.61,idle,42.8,4.93924000,0x50000,2400023808,2.222,0.24,59.6,0
21:30:37,253.70,idle,42.8,4.94192000,0x50000,2400027136,2.197,0.24,29.9,0
21:30:38,254.99,idle,40.6,4.97676000,0x50000,1500019456,1.830,0.24,234,0
21:30:39,256.06,idle,42.8,4.94058000,0x50000,2400023808,2.199,0.22,5.57,0
21:30:40,257.12,idle,42.8,4.94192000,0x50000,2400027136,2.238,0.22,4.32,0
21:30:41,258.19,idle,42.8,4.92986000,0x50000,2400023808,2.271,0.22,15.8,0
21:30:43,259.33,idle,43.3,4.94058000,0x50000,2400033792,2.213,0.22,78.2,0
21:30:44,260.39,idle,41.7,4.97944000,0x50000,1500022656,1.810,0.20,4.36,0
21:30:45,261.46,idle,42.8,4.94326000,0x50000,2400023808,2.200,0.20,5.12,0
21:30:46,262.52,idle,41.7,4.94192000,0x50000,2400030464,2.195,0.20,3.97,0
21:30:47,263.69,idle,43.3,4.94326000,0x50000,2400033792,2.188,0.20,118,0
21:30:48,264.93,idle,42.8,4.94192000,0x50000,2400037120,2.205,0.20,191,0
21:30:49,265.99,idle,42.8,4.93924000,0x50000,2400023808,2.202,0.18,4.52,0
21:30:50,267.06,idle,42.2,4.97944000,0x50000,1500012800,1.833,0.18,4.70,0
21:30:51,268.12,idle,42.8,4.94058000,0x50000,2400033792,2.212,0.18,4.26,0
21:30:52,269.19,idle,43.3,4.94192000,0x50000,2400037120,2.223,0.18,17.6,0
21:30:54,270.29,idle,42.8,4.93656000,0x50000,2400030464,2.231,0.17,44.0,0
21:30:55,271.35,idle,43.3,4.94192000,0x50000,2400033792,2.213,0.17,4.77,0
21:30:56,272.41,idle,42.8,4.97810000,0x50000,1500019456,1.833,0.17,3.63,0
21:30:57,273.48,idle,41.1,4.95398000,0x50000,1500016128,2.291,0.17,4.38,0
21:30:58,274.54,idle,41.7,4.94058000,0x50000,2400030464,2.193,0.17,4.41,0
21:30:59,275.60,idle,43.9,4.94058000,0x50000,2400030464,2.201,0.16,4.44,0
21:31:00,276.85,idle,42.8,4.93790000,0x50000,2400030464,2.205,0.16,194,0
21:31:01,277.91,idle,43.3,4.93790000,0x50000,2400037120,2.205,0.16,5.06,0
21:31:02,278.98,idle,41.1,4.97944000,0x50000,1600020224,1.814,0.16,3.50,0
21:31:03,280.05,idle,41.7,4.97944000,0x50000,1500019456,1.806,0.16,4.42,0
21:31:04,281.13,idle,42.2,4.97944000,0x50000,1500022656,1.836,0.14,22.2,0
21:31:05,282.20,idle,41.7,4.97676000,0x50000,1500022656,1.830,0.14,4.41,0
21:31:07,283.26,idle,42.2,4.98212000,0x50000,1500019456,1.807,0.14,4.28,0
21:31:08,284.32,idle,43.3,4.94192000,0x50000,2400023808,2.227,0.14,3.50,0
21:31:09,285.38,idle,42.8,4.93924000,0x50000,2400037120,2.225,0.13,4.23,0
21:31:10,286.44,idle,42.2,4.93924000,0x50000,2400020480,2.242,0.13,4.50,0
21:31:11,287.50,idle,42.2,4.94058000,0x50000,2400020480,2.201,0.13,4.26,0
21:31:12,288.56,idle,43.3,4.94192000,0x50000,2400027136,2.214,0.13,3.88,0
21:31:13,289.62,idle,40.6,4.98078000,0x50000,1500022656,1.809,0.13,3.59,0
21:31:14,290.68,idle,42.8,4.94192000,0x50000,2400033792,2.223,0.12,4.36,0
21:31:15,291.74,idle,42.8,4.93924000,0x50000,2400033792,2.197,0.12,4.32,0
21:31:16,292.80,idle,43.3,4.94326000,0x50000,2400023808,2.234,0.12,3.67,0
21:31:17,293.86,idle,43.3,4.93924000,0x50000,2400023808,2.271,0.12,4.29,0
21:31:18,294.93,idle,42.2,4.93388000,0x50000,1500022656,2.207,0.12,4.24,0
21:31:19,295.99,idle,42.8,4.95398000,0x50000,1500022656,1.839,0.11,4.28,0
21:31:20,297.05,idle,41.7,4.93522000,0x50000,2400033792,2.217,0.11,1.36,0
21:31:21,298.11,idle,43.3,4.94058000,0x50000,2400027136,2.235,0.11,3.70,0
21:31:22,299.17,idle,44.4,4.94058000,0x50000,2400030464,2.206,0.11,4.31,0
21:31:23,300.23,idle,44.4,4.94058000,0x50000,2400033792,3.335,0.11,1.23,0
21:31:25,301.29,idle,42.8,4.98078000,0x50000,1500022656,1.833,0.18,3.99,0
21:31:26,302.36,idle,43.3,4.95800000,0x50000,1700014464,1.894,0.18,4.22,0
21:31:27,303.43,idle,41.7,4.98078000,0x50000,1500019456,1.824,0.18,4.25,0
21:31:28,304.49,idle,42.2,4.98078000,0x50000,1500022656,1.821,0.18,3.99,0
21:31:29,305.56,idle,41.1,4.98212000,0x50000,1500016128,1.812,0.17,4.47,0
21:31:30,306.62,idle,41.7,4.97006000,0x50000,1500016128,2.004,0.17,3.89,0
21:31:31,307.69,idle,42.2,4.98212000,0x50000,1500019456,1.801,0.17,4.26,0
21:31:32,308.75,idle,43.3,4.94460000,0x50000,2400023808,2.186,0.17,4.30,0
21:31:33,309.81,idle,44.4,4.94192000,0x50000,2400023808,2.229,0.17,4.39,0
21:31:34,310.87,idle,42.2,4.94192000,0x50000,2400033792,2.226,0.15,4.34,0
21:31:35,311.93,idle,43.3,4.94192000,0x50000,2400020480,2.235,0.15,3.38,0
21:31:36,312.99,idle,43.9,4.94192000,0x50000,2400033792,2.217,0.15,4.35,0
21:31:37,314.05,idle,41.7,4.97944000,0x50000,1500022656,1.815,0.15,1.32,0
21:31:38,315.11,idle,42.8,4.93522000,0x50000,2400027136,2.210,0.15,4.32,0
21:31:39,316.17,idle,42.2,4.94192000,0x50000,2400020480,2.215,0.14,4.20,0
21:31:40,317.23,idle,43.3,4.94192000,0x50000,2400023808,2.207,0.14,4.37,0
21:31:42,318.30,idle,43.3,4.94192000,0x50000,2400027136,2.244,0.14,18.3,0
21:31:43,319.36,idle,42.2,4.93790000,0x50000,2400033792,2.232,0.14,4.98,0
21:31:44,320.42,idle,41.7,4.97140000,0x50000,1500022656,1.994,0.13,4.29,0
21:31:45,321.49,idle,42.8,4.97944000,0x50000,1500019456,1.816,0.13,4.61,0
21:31:46,322.56,idle,42.8,4.97140000,0x50000,1500022656,1.863,0.13,4.29,0
21:31:47,323.65,service,42.8,4.94192000,0x50000,2400023808,2.203,0.13,36.3,0
21:31:48,324.71,service,42.8,4.93924000,0x50000,2400020480,2.183,0.13,4.44,0
21:31:49,325.77,service,43.9,4.93790000,0x50000,2400030464,2.274,0.12,4.60,0
21:31:50,326.83,service,43.9,4.93656000,0x50000,2400023808,2.235,0.12,4.38,0
21:31:51,327.89,service,42.8,4.97944000,0x50000,1500022656,1.816,0.12,5.54,0
21:31:52,328.96,service,42.8,4.98212000,0x50000,1500019456,1.835,0.12,4.27,0
21:31:53,330.02,service,42.8,4.97810000,0x50000,1500022656,1.836,0.12,4.27,0
21:31:54,331.09,service,43.3,4.87760000,0x50000,2400020480,3.354,0.11,3.92,0
21:31:55,332.16,service,46.1,4.90976000,0x50000,2400023808,2.867,0.11,3.57,0
21:31:56,333.23,service,43.3,4.93254000,0x50000,2400023808,2.314,0.11,3.64,0
21:31:58,334.31,service,45.0,4.84812000,0x50000,2400023808,3.778,0.11,24.9,0
21:31:59,335.38,service,45.0,4.93388000,0x50000,2400030464,2.392,0.10,7.42,0
21:32:00,336.52,service,43.3,4.97140000,0x50000,1600013696,1.961,0.10,4.85,0
21:32:01,337.58,service,44.4,4.89636000,0x50000,2400030464,2.305,0.10,4.63,0
21:32:02,338.65,service,43.3,4.93522000,0x50000,2400030464,2.294,0.10,5.26,0
21:32:03,339.70,service,44.4,4.93388000,0x50000,2400023808,2.288,0.10,2.06,0
21:32:04,340.77,service,45.0,4.93388000,0x50000,2400027136,2.309,0.09,4.33,0
21:32:05,341.83,service,43.9,4.93388000,0x50000,2400037120,2.465,0.09,4.43,0
21:32:06,342.89,service,43.9,4.97408000,0x50000,1500016128,2.000,0.09,3.37,0
21:32:07,343.95,service,44.4,4.93388000,0x50000,2400030464,2.422,0.09,4.36,0
21:32:08,345.01,service,45.0,4.92986000,0x50000,2400033792,2.415,0.09,4.39,0
21:32:09,346.07,service,44.4,4.87224000,0x50000,2400037120,3.436,0.08,5.34,0
21:32:10,347.14,service,45.0,4.85482000,0x50000,2400030464,2.997,0.08,3.74,0
21:32:11,348.20,service,45.0,4.91244000,0x50000,2400030464,2.598,0.08,7.82,0
21:32:13,349.27,service,44.4,4.94326000,0x50000,1600013696,1.939,0.08,11.0,0
21:32:14,350.33,service,45.0,4.84008000,0x50000,2400030464,2.952,0.08,4.41,0
21:32:15,351.40,service,44.4,4.75432000,0x50000,2400023808,2.355,0.08,8.69,0
21:32:16,352.46,service,44.4,4.79988000,0x50000,2400020480,2.346,0.08,6.16,0
21:32:17,353.52,service,45.0,4.88698000,0x50000,2400020480,3.340,0.08,5.70,0
21:32:18,354.59,service,44.4,4.91512000,0x50000,1500016128,2.032,0.08,4.54,0
21:32:19,355.66,service,44.4,4.86152000,0x50000,2400023808,2.346,0.07,4.24,0
21:32:20,356.72,service,45.5,4.89368000,0x50000,2400023808,2.367,0.07,5.77,0
21:32:21,357.78,service,44.4,4.89502000,0x50000,2400037120,2.332,0.07,4.70,0
21:32:22,358.84,service,43.9,4.92852000,0x50000,2400030464,2.354,0.07,4.29,0
21:32:23,359.91,service,45.5,4.92450000,0x50000,2400030464,2.341,0.07,4.77,0
21:32:24,360.98,service,44.4,4.95398000,0x50000,1600013696,1.929,0.07,4.40,0
21:32:25,362.04,service,45.5,4.92986000,0x50000,2400037120,2.348,0.07,1.86,0
21:32:26,363.10,service,45.5,4.93388000,0x50000,2400020480,2.338,0.07,4.61,0
21:32:27,364.17,service,45.5,4.93120000,0x50000,2400030464,2.364,0.07,5.96,0
21:32:29,365.25,service,44.4,4.93254000,0x50000,2400027136,2.337,0.07,17.6,0
21:32:30,366.31,service,45.5,4.93120000,0x50000,2400030464,2.350,0.06,10.5,0
21:32:31,367.38,service,45.0,4.95532000,0x50000,1600020224,1.987,0.06,4.86,0
21:32:32,368.45,service,43.3,4.97274000,0x50000,1500019456,1.859,0.06,4.29,0
21:32:33,369.52,service,43.9,4.97810000,0x50000,1600013696,1.858,0.06,4.71,0
21:32:34,370.59,service,42.8,4.97810000,0x50000,1500019456,1.852,0.14,4.39,0
21:32:35,371.65,service,43.3,4.97810000,0x50000,1500019456,1.863,0.14,4.56,0
21:32:36,373.20,service,43.9,4.97140000,0x50000,1500022656,1.860,0.14,479,0
21:32:38,374.26,aborted_idle,42.2,4.97676000,0x50000,1500022656,1.870,0.14,4.10,0
21:32:39,375.33,aborted_idle,42.2,4.97944000,0x50000,1500022656,1.824,0.20,4.24,0
21:32:40,376.40,aborted_idle,43.9,4.97676000,0x50000,1500022656,1.855,0.20,3.73,0
21:32:41,377.46,aborted_idle,43.3,4.97274000,0x50000,1500019456,1.823,0.20,4.34,0
21:32:42,378.53,aborted_idle,43.3,4.97542000,0x50000,1600023552,1.844,0.20,3.89,0
21:32:43,379.59,aborted_idle,43.9,4.97676000,0x50000,1500019456,1.836,0.20,4.54,0
21:32:44,380.66,aborted_idle,42.2,4.97006000,0x50000,1500019456,1.808,0.19,4.63,0
21:32:45,381.73,aborted_idle,43.3,4.97810000,0x50000,1500012800,1.830,0.19,4.40,0
21:32:46,382.79,aborted_idle,43.9,4.97810000,0x50000,1500012800,1.838,0.19,4.40,0
21:32:47,383.86,aborted_idle,43.3,4.97542000,0x50000,1500016128,1.829,0.19,4.41,0
21:32:48,384.93,aborted_idle,42.2,4.98212000,0x50000,1500022656,1.828,0.19,4.36,0
21:32:49,385.99,aborted_idle,43.3,4.97810000,0x50000,1500019456,1.825,0.17,4.28,0
21:32:50,387.06,aborted_idle,42.8,4.97944000,0x50000,1500019456,1.798,0.17,3.66,0
21:32:51,388.13,aborted_idle,43.9,4.97408000,0x50000,1600020224,1.850,0.17,3.74,0
21:32:52,389.19,aborted_idle,42.8,4.97676000,0x50000,1500016128,1.836,0.17,3.83,0
21:32:54,390.26,aborted_idle,43.3,4.98212000,0x50000,1500022656,1.846,0.17,4.26,0
21:32:55,391.33,aborted_idle,43.3,4.97676000,0x50000,1600020224,1.811,0.16,4.19,0
21:32:56,392.39,aborted_idle,42.8,4.96872000,0x50000,1500019456,1.997,0.16,4.37,0
21:32:57,393.46,aborted_idle,43.3,4.97810000,0x50000,1500025984,1.847,0.16,4.98,0
21:32:58,394.53,aborted_idle,43.3,4.97944000,0x50000,1600017024,1.804,0.16,4.03,0
21:32:59,395.59,aborted_idle,43.3,4.97944000,0x50000,1500019456,1.813,0.15,4.44,0
21:33:00,396.66,aborted_idle,42.2,4.97944000,0x50000,1500022656,1.827,0.15,3.55,0
21:33:01,397.73,aborted_idle,42.8,4.97676000,0x50000,1500022656,1.849,0.15,4.63,0
21:33:02,398.79,aborted_idle,43.3,4.97274000,0x50000,1500016128,1.808,0.15,4.48,0
21:33:03,399.86,aborted_idle,43.3,4.97944000,0x50000,1500022656,1.843,0.15,4.91,0
21:33:04,400.93,aborted_idle,43.3,4.97676000,0x50000,1500019456,1.846,0.13,4.42,0
21:33:05,401.99,aborted_idle,42.8,4.97944000,0x50000,1500022656,1.796,0.13,4.45,0
21:33:06,403.06,aborted_idle,41.7,4.98346000,0x50000,1500016128,1.833,0.13,4.29,0
21:33:07,404.14,aborted_idle,43.3,4.97944000,0x50000,1600017024,1.852,0.13,15.7,0
21:33:09,405.24,aborted_idle,43.3,4.97810000,0x50000,1500016128,1.845,0.13,43.7,0
21:33:10,406.31,aborted_idle,42.8,4.97810000,0x50000,1500019456,2.031,0.12,4.33,0
21:33:11,407.38,aborted_idle,43.9,4.98212000,0x50000,1500016128,1.816,0.12,4.33,0
21:33:12,408.96,aborted_idle,43.9,4.97676000,0x50000,1600017024,3.205,0.12,523,0
21:33:13,410.03,aborted_idle,42.8,4.97140000,0x50000,1500022656,1.823,0.12,1.28,0
21:33:14,411.09,aborted_idle,42.8,4.97810000,0x50000,1500016128,1.826,0.11,4.31,0
21:33:15,412.16,aborted_idle,42.8,4.97810000,0x50000,1500016128,1.847,0.11,4.29,0
21:33:16,413.23,aborted_idle,43.3,4.98212000,0x50000,1500016128,1.820,0.11,4.48,0
21:33:18,414.29,aborted_idle,42.2,4.98212000,0x50000,1500019456,1.817,0.11,4.02,0
21:33:19,415.36,aborted_idle,42.8,4.98212000,0x50000,1500019456,1.825,0.18,4.35,0
21:33:20,416.42,aborted_idle,41.7,4.97810000,0x50000,1500012800,1.828,0.18,4.31,0
21:33:21,417.49,aborted_idle,41.1,4.97944000,0x50000,1500019456,2.048,0.18,4.26,0
21:33:22,418.56,aborted_idle,42.8,4.97944000,0x50000,1500019456,1.837,0.18,4.22,0
21:33:23,419.62,aborted_idle,43.3,4.97274000,0x50000,1500019456,1.843,0.18,4.54,0
21:33:24,420.69,aborted_idle,42.8,4.97810000,0x50000,1500019456,1.812,0.17,4.02,0
21:33:25,421.76,aborted_idle,42.8,4.98212000,0x50000,1500019456,1.820,0.17,4.48,0
21:33:26,422.83,aborted_idle,41.7,4.97140000,0x50000,1500022656,1.825,0.17,3.90,0
21:33:27,423.89,aborted_idle,43.3,4.97542000,0x50000,1500016128,1.816,0.17,4.36,0
21:33:28,424.96,aborted_idle,42.8,4.97944000,0x50000,1500019456,1.848,0.17,4.21,0
21:33:29,426.03,aborted_idle,43.3,4.97810000,0x50000,1500019456,1.807,0.24,4.31,0
21:33:30,427.10,aborted_idle,43.3,4.97676000,0x50000,1600023552,1.794,0.24,5.08,0
21:33:31,428.17,aborted_idle,43.3,4.97810000,0x50000,1600023552,1.831,0.24,4.39,0
21:33:32,429.24,aborted_idle,43.3,4.97944000,0x50000,1500022656,1.812,0.24,4.31,0
21:33:34,430.30,aborted_idle,43.3,4.97944000,0x50000,1500016128,2.995,0.24,4.39,0
21:33:35,431.37,aborted_idle,42.8,4.97140000,0x50000,1500022656,1.844,0.22,5.22,0
21:33:36,432.44,aborted_idle,41.7,4.97274000,0x50000,1500022656,1.819,0.22,3.84,0
21:33:37,433.50,aborted_idle,41.7,4.97810000,0x50000,1500012800,1.823,0.22,4.77,0
21:33:38,434.57,aborted_idle,41.7,4.97944000,0x50000,1500012800,1.802,0.22,5.06,0
21:33:39,435.64,aborted_idle,41.7,4.97810000,0x50000,1600020224,1.831,0.20,4.54,0
21:33:40,436.70,aborted_idle,42.2,4.96470000,0x50000,1500012800,2.075,0.20,4.28,0
21:33:41,437.77,aborted_idle,43.9,4.97810000,0x50000,1500022656,1.841,0.20,4.15,0
21:33:42,438.84,aborted_idle,42.8,4.97944000,0x50000,1500019456,1.819,0.20,4.28,0
21:33:43,439.90,aborted_idle,43.3,4.97542000,0x50000,1500022656,1.809,0.20,4.88,0
21:33:44,440.97,aborted_idle,42.8,4.98212000,0x50000,1500022656,1.811,0.18,4.38,0
21:33:45,442.04,aborted_idle,46.6,4.83472000,0x50000,2400030464,4.236,0.18,4.39,0
21:33:46,443.12,aborted_idle,45.5,4.93388000,0x50000,2400020480,2.325,0.18,9.80,0
21:33:47,444.18,aborted_idle,43.3,4.92986000,0x50000,2400020480,2.680,0.18,4.30,0
21:33:48,445.24,aborted_idle,45.5,4.91646000,0x50000,2400033792,2.637,0.18,8.14,0
21:33:50,446.30,aborted_idle,43.3,4.80256000,0x50000,2400030464,2.311,0.17,4.25,0
21:33:51,447.46,aborted_idle,43.3,4.93388000,0x50000,2400023808,2.380,0.17,4.71,0
21:33:52,448.55,aborted_idle,44.4,4.93388000,0x50000,2400033792,2.462,0.17,36.2,0
21:33:53,449.62,aborted_idle,43.9,4.93388000,0x50000,2400023808,2.341,0.17,9.73,0
21:33:54,450.68,aborted_idle,45.0,4.93388000,0x50000,2400020480,2.315,0.15,4.35,0
21:33:55,451.76,aborted_idle,45.5,4.92450000,0x50000,1500022656,2.337,0.15,14.5,0
21:33:56,452.83,aborted_idle,43.9,4.91512000,0x50000,1600017024,2.001,0.15,4.82,0
21:33:57,453.90,aborted_idle,44.4,4.93522000,0x50000,1500016128,1.914,0.15,4.30,0
21:33:58,454.97,aborted_idle,43.9,4.88162000,0x50000,1600013696,2.081,0.15,4.53,0
21:33:59,456.04,aborted_idle,45.0,4.89368000,0x50000,2400020480,2.861,0.14,5.70,0
21:34:00,457.10,aborted_idle,45.5,4.87626000,0x50000,2400023808,2.363,0.14,5.91,0
21:34:01,458.16,aborted_idle,45.5,4.89770000,0x50000,2400033792,2.325,0.14,4.20,0
21:34:02,459.23,aborted_idle,45.5,4.84544000,0x50000,2400030464,2.322,0.14,4.32,0
21:34:04,460.30,aborted_idle,45.5,4.89636000,0x50000,2400030464,3.128,0.14,4.30,0
21:34:05,461.37,aborted_idle,44.4,4.93388000,0x50000,1700011264,1.980,0.29,4.26,0
21:34:06,462.43,aborted_idle,44.4,4.90172000,0x50000,1600017024,2.021,0.29,4.38,0
21:34:07,463.50,aborted_idle,44.4,4.91378000,0x50000,1700017792,1.989,0.29,2.01,0
21:34:08,464.57,aborted_idle,45.0,4.75834000,0x50000,2400020480,2.102,0.29,6.78,0
21:34:09,465.63,aborted_idle,46.1,4.74896000,0x50000,2400027136,2.333,0.27,3.90,0
21:34:10,466.69,aborted_idle,45.5,4.89368000,0x50000,2400023808,2.338,0.27,1.29,0
21:34:11,467.75,aborted_idle,46.6,4.93120000,0x50000,2400030464,2.326,0.27,4.40,0
21:34:12,468.81,aborted_idle,44.4,4.93388000,0x50000,2400027136,2.322,0.27,4.24,0
21:34:13,469.89,aborted_idle,45.0,4.92048000,0x50000,1700017792,2.025,0.27,3.53,0
21:34:14,470.95,aborted_idle,46.6,4.93388000,0x50000,2400027136,2.355,0.25,4.44,0
